"relative_path","bytes","last_write_utc"
"figures\production\classical_baselines\fig7_yolo_classical_baselines.pdf","26866","2026-06-11T21:56:30.0000000Z"
"figures\production\classical_baselines\fig7_yolo_classical_baselines.png","1066286","2026-06-11T21:56:30.0000000Z"
"figures\production\descriptor_provenance\fig_descriptor_behavior_structure.png","77309","2026-06-11T02:54:32.0000000Z"
"figures\production\descriptor_provenance\fig_descriptor_behavior_vs_video_probe.png","74539","2026-06-11T03:36:02.0000000Z"
"figures\production\descriptor_provenance\fig_descriptor_effective_dimensionality.png","60178","2026-06-11T02:54:32.0000000Z"
"figures\production\descriptor_provenance\fig_descriptor_group_animal_probe.png","77608","2026-06-11T03:36:02.0000000Z"
"figures\production\descriptor_provenance\fig_descriptor_provenance_multiplot.pdf","24629","2026-06-11T11:44:06.0000000Z"
"figures\production\descriptor_provenance\fig_descriptor_provenance_multiplot.png","339737","2026-06-11T11:44:06.0000000Z"
"figures\production\dlc_superanimal_topdown\dlc_heldout_confusion_recall_raw.pdf","20631","2026-06-08T10:30:16.0000000Z"
"figures\production\dlc_superanimal_topdown\dlc_heldout_confusion_recall_raw.png","284965","2026-06-08T10:30:16.0000000Z"
"figures\production\dlc_superanimal_topdown\dlc_heldout_metric_summary.pdf","19595","2026-06-08T10:30:14.0000000Z"
"figures\production\dlc_superanimal_topdown\dlc_heldout_metric_summary.png","209064","2026-06-08T10:30:14.0000000Z"
"figures\production\dlc_superanimal_topdown\dlc_heldout_per_class_scores.pdf","13198","2026-06-08T10:30:16.0000000Z"
"figures\production\dlc_superanimal_topdown\dlc_heldout_per_class_scores.png","173077","2026-06-08T10:30:16.0000000Z"
"figures\production\dlc_superanimal_topdown\dlc_heldout_summary_multiplot.pdf","25042","2026-06-11T11:44:06.0000000Z"
"figures\production\dlc_superanimal_topdown\dlc_heldout_summary_multiplot.png","683753","2026-06-11T11:44:04.0000000Z"
"figures\production\dlc_superanimal_topdown\dlc_pipeline_evidence_map.pdf","26246","2026-06-10T03:42:18.0000000Z"
"figures\production\dlc_superanimal_topdown\dlc_pipeline_evidence_map.png","267149","2026-06-10T03:42:16.0000000Z"
"figures\production\dlc_superanimal_topdown\dlc_vs_yolo_mobilenet_metric_comparison.pdf","20919","2026-06-08T10:30:16.0000000Z"
"figures\production\dlc_superanimal_topdown\dlc_vs_yolo_mobilenet_metric_comparison.png","341980","2026-06-08T10:30:16.0000000Z"
"figures\production\dlc_superanimal_topdown\dlc_vs_yolo_raw_per_video_delta.pdf","21472","2026-06-08T10:30:16.0000000Z"
"figures\production\dlc_superanimal_topdown\dlc_vs_yolo_raw_per_video_delta.png","423323","2026-06-08T10:30:16.0000000Z"
"figures\production\fly_v_fly\fig_fly_v_fly_ethogram_examples.pdf","92075","2026-06-04T01:34:06.0000000Z"
"figures\production\fly_v_fly\fig_fly_v_fly_ethogram_examples.png","387244","2026-06-04T01:34:04.0000000Z"
"figures\production\fly_v_fly\fig_fly_v_fly_pose_profile.pdf","51764","2026-06-04T02:14:48.0000000Z"
"figures\production\fly_v_fly\fig_fly_v_fly_pose_profile.png","765397","2026-06-04T02:14:46.0000000Z"
"figures\production\fly_v_fly\fig_fly_v_fly_short_bout_adaptation.pdf","33651","2026-06-04T02:14:44.0000000Z"
"figures\production\fly_v_fly\fig_fly_v_fly_short_bout_adaptation.png","1077618","2026-06-04T02:14:44.0000000Z"
"figures\production\GUI_Sreenshots\01_annotate_tutorial_annotated.png","181574","2026-05-21T15:42:54.0000000Z"
"figures\production\GUI_Sreenshots\02_prepare_full_video_annotated.png","173718","2026-05-21T15:42:54.0000000Z"
"figures\production\GUI_Sreenshots\03_feature_cache_annotated.png","144030","2026-05-21T15:42:54.0000000Z"
"figures\production\GUI_Sreenshots\04_train_annotated.png","160959","2026-05-21T15:42:54.0000000Z"
"figures\production\GUI_Sreenshots\05_inference_annotated.png","206320","2026-05-21T15:42:54.0000000Z"
"figures\production\GUI_Sreenshots\06_batch_annotated.png","173482","2026-05-21T15:42:56.0000000Z"
"figures\production\mobilenet_portability\fig_mobilenet_ethogram_bout_detail.pdf","33477","2026-06-02T11:46:32.0000000Z"
"figures\production\mobilenet_portability\fig_mobilenet_ethogram_bout_detail.png","896389","2026-06-02T11:46:30.0000000Z"
"figures\production\mobilenet_portability\fig_mobilenet_portability.pdf","29162","2026-06-02T11:30:16.0000000Z"
"figures\production\mobilenet_portability\fig_mobilenet_portability.png","1029619","2026-06-02T11:30:16.0000000Z"
"figures\production\mobilenet_portability\fig_mobilenet_portability_training_footprint.pdf","18765","2026-06-02T11:30:18.0000000Z"
"figures\production\mobilenet_portability\fig_mobilenet_portability_training_footprint.png","225644","2026-06-02T11:30:18.0000000Z"
"figures\production\mobilenet_portability\fig_mobilenet_portability_training_qc.pdf","23106","2026-06-02T11:30:20.0000000Z"
"figures\production\mobilenet_portability\fig_mobilenet_portability_training_qc.png","1251995","2026-06-02T11:30:18.0000000Z"
"figures\production\production_figure_manifest.csv","0","2026-06-19T02:25:58.0000000Z"
"figures\production\README.md","801","2026-06-01T23:54:20.0000000Z"
"figures\production\source_assets\fly_pose_model_training_curves.png","224162","2026-05-20T00:14:56.0000000Z"
"figures\production\source_assets\input_stream_decomposition_mouse061.png","1500697","2026-05-20T00:17:28.0000000Z"
"figures\production\source_assets\keypoint_accuracy.png","239842","2026-05-19T16:31:46.0000000Z"
"figures\production\source_assets\pose_model_training_curves.png","205418","2026-05-20T00:17:02.0000000Z"
"figures\production\supplement\supp_end_to_end_benchmark_stage_timing.pdf","15896","2026-06-04T02:58:08.0000000Z"
"figures\production\supplement\supp_end_to_end_benchmark_stage_timing.png","238635","2026-06-04T02:58:08.0000000Z"
"figures\production\supplement\supp_end_to_end_benchmark_throughput.pdf","17202","2026-06-04T02:58:08.0000000Z"
"figures\production\supplement\supp_end_to_end_benchmark_throughput.png","336064","2026-06-04T02:58:08.0000000Z"
"figures\production\supplement\supp_fly_v_fly_annotation_reference.pdf","22184","2026-06-04T02:14:48.0000000Z"
"figures\production\supplement\supp_fly_v_fly_annotation_reference.png","572480","2026-06-04T02:14:48.0000000Z"
"figures\production\supplement\supp_fly_v_fly_sequence_structure.pdf","62921","2026-06-04T01:12:18.0000000Z"
"figures\production\supplement\supp_fly_v_fly_sequence_structure.png","1144764","2026-06-04T01:12:16.0000000Z"
"figures\production\supplement\supp_fly_v_fly_sequence_structure_smoothed.pdf","62921","2026-06-04T01:13:44.0000000Z"
"figures\production\supplement\supp_fly_v_fly_sequence_structure_smoothed.png","1144764","2026-06-04T01:13:44.0000000Z"
"figures\production\supplement\supp_mars_model_type_ethograms.pdf","27112","2026-06-02T01:21:36.0000000Z"
"figures\production\supplement\supp_mars_model_type_ethograms.png","302729","2026-06-02T01:21:34.0000000Z"
"figures\production\supplement\supp_yolo_bout_fragmentation_audit.pdf","18346","2026-06-02T02:21:30.0000000Z"
"figures\production\supplement\supp_yolo_bout_fragmentation_audit.png","618309","2026-06-02T02:21:30.0000000Z"
"figures\production\supplement\supp_yolo_bout_fragmentation_audit_all_capacities.pdf","26470","2026-06-02T02:27:30.0000000Z"
"figures\production\supplement\supp_yolo_bout_fragmentation_audit_all_capacities.png","1403661","2026-06-02T02:27:30.0000000Z"
"figures\production\supplement\supp_yolo_bout_sequence_ngram_audit.pdf","22524","2026-06-02T02:36:24.0000000Z"
"figures\production\supplement\supp_yolo_bout_sequence_ngram_audit.png","908511","2026-06-02T02:36:24.0000000Z"
"figures\production\supplement\supp_yolo_full_ablation_matrix.pdf","59138","2026-06-02T01:49:10.0000000Z"
"figures\production\supplement\supp_yolo_full_ablation_matrix.png","1868897","2026-06-02T01:49:08.0000000Z"
"figures\production\supplement\supp_yolo_training_throughput.pdf","27376","2026-06-02T01:29:42.0000000Z"
"figures\production\supplement\supp_yolo_training_throughput.png","762611","2026-06-02T01:29:42.0000000Z"
"figures\production\yolo_sppf_main\fig1_framework_streams.pdf","2523718","2026-06-02T01:18:28.0000000Z"
"figures\production\yolo_sppf_main\fig1_framework_streams.png","2682075","2026-06-02T01:18:24.0000000Z"
"figures\production\yolo_sppf_main\fig10_yolo_ethogram_sequence_structure.pdf","27013","2026-06-02T03:42:18.0000000Z"
"figures\production\yolo_sppf_main\fig10_yolo_ethogram_sequence_structure.png","928601","2026-06-02T03:42:18.0000000Z"
"figures\production\yolo_sppf_main\fig11_yolo_operating_envelope.pdf","25268","2026-06-02T04:03:26.0000000Z"
"figures\production\yolo_sppf_main\fig11_yolo_operating_envelope.png","1481294","2026-06-02T04:03:24.0000000Z"
"figures\production\yolo_sppf_main\fig2_yolo_pose_quality.pdf","1286866","2026-06-02T01:18:34.0000000Z"
"figures\production\yolo_sppf_main\fig2_yolo_pose_quality.png","1365522","2026-06-02T01:18:32.0000000Z"
"figures\production\yolo_sppf_main\fig3_yolo_neural_training_stability.pdf","19982","2026-06-02T00:24:52.0000000Z"
"figures\production\yolo_sppf_main\fig3_yolo_neural_training_stability.png","1704887","2026-06-02T00:24:50.0000000Z"
"figures\production\yolo_sppf_main\fig4_yolo_stream_ablation_headline.pdf","16925","2026-06-02T00:24:52.0000000Z"
"figures\production\yolo_sppf_main\fig4_yolo_stream_ablation_headline.png","275330","2026-06-02T00:24:52.0000000Z"
"figures\production\yolo_sppf_main\fig5_yolo_ethogram_bout_examples.pdf","9405100","2026-06-02T00:39:04.0000000Z"
"figures\production\yolo_sppf_main\fig5_yolo_ethogram_bout_examples.png","6898775","2026-06-02T00:39:02.0000000Z"
"figures\production\yolo_sppf_main\fig6_yolo_temporal_head_capacity_full_stream.pdf","15287","2026-06-02T00:24:54.0000000Z"
"figures\production\yolo_sppf_main\fig6_yolo_temporal_head_capacity_full_stream.png","471713","2026-06-02T00:24:52.0000000Z"
"figures\production\yolo_sppf_main\fig7_yolo_per_video_paired_effects.pdf","26998","2026-06-02T01:18:22.0000000Z"
"figures\production\yolo_sppf_main\fig7_yolo_per_video_paired_effects.png","898359","2026-06-02T01:18:20.0000000Z"
"figures\production\yolo_sppf_main\fig8_yolo_full_video_ethogram_lstm_attention.pdf","25475","2026-06-02T03:21:24.0000000Z"
"figures\production\yolo_sppf_main\fig8_yolo_full_video_ethogram_lstm_attention.png","286268","2026-06-02T03:21:24.0000000Z"
"figures\production\yolo_sppf_main\fig9_yolo_bout_undersegmentation_merge_audit.pdf","26502","2026-06-02T03:23:18.0000000Z"
"figures\production\yolo_sppf_main\fig9_yolo_bout_undersegmentation_merge_audit.png","1795420","2026-06-02T03:23:18.0000000Z"
"figures\production\yolo_sppf_main\schematic_pose_reuse_framework.pdf","27715","2026-06-02T04:46:20.0000000Z"
"figures\production\yolo_sppf_main\schematic_pose_reuse_framework.png","849074","2026-06-02T04:46:20.0000000Z"
"figures\production\yolo_sppf_main\schematic_stream_ablation_design.pdf","26667","2026-06-02T04:46:20.0000000Z"
"figures\production\yolo_sppf_main\schematic_stream_ablation_design.png","577496","2026-06-02T04:46:20.0000000Z"
"figures\production\yolo_sppf_main\supp_yolo_bout_boundary_head_comparison.pdf","19499","2026-06-02T03:01:42.0000000Z"
"figures\production\yolo_sppf_main\supp_yolo_bout_boundary_head_comparison.png","1006927","2026-06-02T03:01:42.0000000Z"
"figures\production\yolo_sppf_main\supp_yolo_stream_confusion_fingerprints.pdf","57637","2026-06-02T00:24:58.0000000Z"
"figures\production\yolo_sppf_main\supp_yolo_stream_confusion_fingerprints.png","668345","2026-06-02T00:24:56.0000000Z"
