track,head,capacity,prediction_type,threshold,class,duration_bin,n_seeds,gt_bouts_mean,matched_bouts_mean,recall_mean,recall_sd
Attention-256,attention,256,raw_windows,0.25,attack,<0.25,3,26.0,5.0,0.1923076923076923,0.06661733875264911
Attention-256,attention,256,raw_windows,0.25,attack,0.25-0.5,3,46.0,10.333333333333334,0.2246376811594203,0.01255109280847013
Attention-256,attention,256,raw_windows,0.25,attack,0.5-1,3,77.0,15.666666666666666,0.20346320346320348,0.00749805544402112
Attention-256,attention,256,raw_windows,0.25,attack,1-2,3,91.0,25.0,0.2747252747252747,0.01903352535789975
Attention-256,attention,256,raw_windows,0.25,attack,2-4,3,78.0,15.0,0.19230769230769232,0.0
Attention-256,attention,256,raw_windows,0.25,attack,4-8,3,36.0,7.333333333333333,0.20370370370370372,0.016037507477489586
Attention-256,attention,256,raw_windows,0.25,attack,>=8,3,2.0,0.0,0.0,0.0
Attention-256,attention,256,raw_windows,0.25,investigation,<0.25,3,220.0,47.0,0.21363636363636362,0.02530801983104554
Attention-256,attention,256,raw_windows,0.25,investigation,0.25-0.5,3,301.0,92.33333333333333,0.3067552602436323,0.009590536033050264
Attention-256,attention,256,raw_windows,0.25,investigation,0.5-1,3,379.0,127.33333333333333,0.335971855760774,0.003046703267491404
Attention-256,attention,256,raw_windows,0.25,investigation,1-2,3,238.0,95.66666666666667,0.40196078431372545,0.00970336586873321
Attention-256,attention,256,raw_windows,0.25,investigation,2-4,3,165.0,70.66666666666667,0.4282828282828283,0.003499092540543169
Attention-256,attention,256,raw_windows,0.25,investigation,4-8,3,111.0,63.666666666666664,0.5735735735735735,0.005201353776483166
Attention-256,attention,256,raw_windows,0.25,investigation,>=8,3,53.0,37.333333333333336,0.7044025157232704,0.02882123078588578
Attention-256,attention,256,raw_windows,0.25,mount,<0.25,3,5.0,1.0,0.20000000000000004,0.0
Attention-256,attention,256,raw_windows,0.25,mount,0.25-0.5,3,13.0,3.0,0.23076923076923075,0.0
Attention-256,attention,256,raw_windows,0.25,mount,0.5-1,3,25.0,2.6666666666666665,0.10666666666666667,0.023094010767585025
Attention-256,attention,256,raw_windows,0.25,mount,1-2,3,34.0,6.0,0.17647058823529413,0.0
Attention-256,attention,256,raw_windows,0.25,mount,2-4,3,62.0,8.0,0.12903225806451613,0.0
Attention-256,attention,256,raw_windows,0.25,mount,4-8,3,30.0,6.666666666666667,0.22222222222222224,0.019245008972987518
Attention-256,attention,256,raw_windows,0.25,mount,>=8,3,39.0,12.0,0.3076923076923077,0.0
Attention-256,attention,256,raw_windows,0.5,attack,<0.25,3,26.0,2.6666666666666665,0.10256410256410257,0.022205779584216375
Attention-256,attention,256,raw_windows,0.5,attack,0.25-0.5,3,46.0,5.666666666666667,0.12318840579710144,0.012551092808470126
Attention-256,attention,256,raw_windows,0.5,attack,0.5-1,3,77.0,11.333333333333334,0.14718614718614717,0.007498055444021114
Attention-256,attention,256,raw_windows,0.5,attack,1-2,3,91.0,14.0,0.15384615384615385,0.010989010989010988
Attention-256,attention,256,raw_windows,0.5,attack,2-4,3,78.0,10.666666666666666,0.13675213675213674,0.019583656816050603
Attention-256,attention,256,raw_windows,0.5,attack,4-8,3,36.0,5.666666666666667,0.1574074074074074,0.03207501495497921
Attention-256,attention,256,raw_windows,0.5,attack,>=8,3,2.0,0.0,0.0,0.0
Attention-256,attention,256,raw_windows,0.5,investigation,<0.25,3,220.0,27.666666666666668,0.12575757575757576,0.010497277621629556
Attention-256,attention,256,raw_windows,0.5,investigation,0.25-0.5,3,301.0,58.333333333333336,0.1937984496124031,0.008360835476490318
Attention-256,attention,256,raw_windows,0.5,investigation,0.5-1,3,379.0,90.66666666666667,0.2392260334212841,0.00806081916439022
Attention-256,attention,256,raw_windows,0.5,investigation,1-2,3,238.0,71.66666666666667,0.3011204481792717,0.020726398581160686
Attention-256,attention,256,raw_windows,0.5,investigation,2-4,3,165.0,55.666666666666664,0.3373737373737374,0.009257728676678458
Attention-256,attention,256,raw_windows,0.5,investigation,4-8,3,111.0,54.0,0.48648648648648646,0.036036036036036015
Attention-256,attention,256,raw_windows,0.5,investigation,>=8,3,53.0,31.333333333333332,0.5911949685534591,0.02882123078588578
Attention-256,attention,256,raw_windows,0.5,mount,<0.25,3,5.0,1.0,0.20000000000000004,0.0
Attention-256,attention,256,raw_windows,0.5,mount,0.25-0.5,3,13.0,2.0,0.15384615384615385,0.0
Attention-256,attention,256,raw_windows,0.5,mount,0.5-1,3,25.0,2.0,0.08,0.0
Attention-256,attention,256,raw_windows,0.5,mount,1-2,3,34.0,6.0,0.17647058823529413,0.0
Attention-256,attention,256,raw_windows,0.5,mount,2-4,3,62.0,8.0,0.12903225806451613,0.0
Attention-256,attention,256,raw_windows,0.5,mount,4-8,3,30.0,6.0,0.20000000000000004,0.0
Attention-256,attention,256,raw_windows,0.5,mount,>=8,3,39.0,12.0,0.3076923076923077,0.0
Attention-256,attention,256,smoothed_frames,0.25,attack,<0.25,3,26.0,5.0,0.1923076923076923,0.06661733875264911
Attention-256,attention,256,smoothed_frames,0.25,attack,0.25-0.5,3,46.0,10.333333333333334,0.2246376811594203,0.01255109280847013
Attention-256,attention,256,smoothed_frames,0.25,attack,0.5-1,3,77.0,15.666666666666666,0.20346320346320348,0.00749805544402112
Attention-256,attention,256,smoothed_frames,0.25,attack,1-2,3,91.0,25.0,0.2747252747252747,0.01903352535789975
Attention-256,attention,256,smoothed_frames,0.25,attack,2-4,3,78.0,15.0,0.19230769230769232,0.0
Attention-256,attention,256,smoothed_frames,0.25,attack,4-8,3,36.0,7.333333333333333,0.20370370370370372,0.016037507477489586
Attention-256,attention,256,smoothed_frames,0.25,attack,>=8,3,2.0,0.0,0.0,0.0
Attention-256,attention,256,smoothed_frames,0.25,investigation,<0.25,3,220.0,47.0,0.21363636363636362,0.02530801983104554
Attention-256,attention,256,smoothed_frames,0.25,investigation,0.25-0.5,3,301.0,92.33333333333333,0.3067552602436323,0.009590536033050264
Attention-256,attention,256,smoothed_frames,0.25,investigation,0.5-1,3,379.0,127.33333333333333,0.335971855760774,0.003046703267491404
Attention-256,attention,256,smoothed_frames,0.25,investigation,1-2,3,238.0,95.66666666666667,0.40196078431372545,0.00970336586873321
Attention-256,attention,256,smoothed_frames,0.25,investigation,2-4,3,165.0,70.66666666666667,0.4282828282828283,0.003499092540543169
Attention-256,attention,256,smoothed_frames,0.25,investigation,4-8,3,111.0,63.666666666666664,0.5735735735735735,0.005201353776483166
Attention-256,attention,256,smoothed_frames,0.25,investigation,>=8,3,53.0,37.333333333333336,0.7044025157232704,0.02882123078588578
Attention-256,attention,256,smoothed_frames,0.25,mount,<0.25,3,5.0,1.0,0.20000000000000004,0.0
Attention-256,attention,256,smoothed_frames,0.25,mount,0.25-0.5,3,13.0,3.0,0.23076923076923075,0.0
Attention-256,attention,256,smoothed_frames,0.25,mount,0.5-1,3,25.0,2.6666666666666665,0.10666666666666667,0.023094010767585025
Attention-256,attention,256,smoothed_frames,0.25,mount,1-2,3,34.0,6.0,0.17647058823529413,0.0
Attention-256,attention,256,smoothed_frames,0.25,mount,2-4,3,62.0,8.0,0.12903225806451613,0.0
Attention-256,attention,256,smoothed_frames,0.25,mount,4-8,3,30.0,6.666666666666667,0.22222222222222224,0.019245008972987518
Attention-256,attention,256,smoothed_frames,0.25,mount,>=8,3,39.0,12.0,0.3076923076923077,0.0
Attention-256,attention,256,smoothed_frames,0.5,attack,<0.25,3,26.0,2.6666666666666665,0.10256410256410257,0.022205779584216375
Attention-256,attention,256,smoothed_frames,0.5,attack,0.25-0.5,3,46.0,5.666666666666667,0.12318840579710144,0.012551092808470126
Attention-256,attention,256,smoothed_frames,0.5,attack,0.5-1,3,77.0,11.333333333333334,0.14718614718614717,0.007498055444021114
Attention-256,attention,256,smoothed_frames,0.5,attack,1-2,3,91.0,14.0,0.15384615384615385,0.010989010989010988
Attention-256,attention,256,smoothed_frames,0.5,attack,2-4,3,78.0,10.666666666666666,0.13675213675213674,0.019583656816050603
Attention-256,attention,256,smoothed_frames,0.5,attack,4-8,3,36.0,5.666666666666667,0.1574074074074074,0.03207501495497921
Attention-256,attention,256,smoothed_frames,0.5,attack,>=8,3,2.0,0.0,0.0,0.0
Attention-256,attention,256,smoothed_frames,0.5,investigation,<0.25,3,220.0,27.666666666666668,0.12575757575757576,0.010497277621629556
Attention-256,attention,256,smoothed_frames,0.5,investigation,0.25-0.5,3,301.0,58.333333333333336,0.1937984496124031,0.008360835476490318
Attention-256,attention,256,smoothed_frames,0.5,investigation,0.5-1,3,379.0,90.66666666666667,0.2392260334212841,0.00806081916439022
Attention-256,attention,256,smoothed_frames,0.5,investigation,1-2,3,238.0,71.66666666666667,0.3011204481792717,0.020726398581160686
Attention-256,attention,256,smoothed_frames,0.5,investigation,2-4,3,165.0,55.666666666666664,0.3373737373737374,0.009257728676678458
Attention-256,attention,256,smoothed_frames,0.5,investigation,4-8,3,111.0,54.0,0.48648648648648646,0.036036036036036015
Attention-256,attention,256,smoothed_frames,0.5,investigation,>=8,3,53.0,31.333333333333332,0.5911949685534591,0.02882123078588578
Attention-256,attention,256,smoothed_frames,0.5,mount,<0.25,3,5.0,1.0,0.20000000000000004,0.0
Attention-256,attention,256,smoothed_frames,0.5,mount,0.25-0.5,3,13.0,2.0,0.15384615384615385,0.0
Attention-256,attention,256,smoothed_frames,0.5,mount,0.5-1,3,25.0,2.0,0.08,0.0
Attention-256,attention,256,smoothed_frames,0.5,mount,1-2,3,34.0,6.0,0.17647058823529413,0.0
Attention-256,attention,256,smoothed_frames,0.5,mount,2-4,3,62.0,8.0,0.12903225806451613,0.0
Attention-256,attention,256,smoothed_frames,0.5,mount,4-8,3,30.0,6.0,0.20000000000000004,0.0
Attention-256,attention,256,smoothed_frames,0.5,mount,>=8,3,39.0,12.0,0.3076923076923077,0.0
LSTM-256,lstm,256,raw_windows,0.25,attack,<0.25,3,26.0,4.333333333333333,0.16666666666666666,0.022205779584216375
LSTM-256,lstm,256,raw_windows,0.25,attack,0.25-0.5,3,46.0,10.0,0.21739130434782608,0.02173913043478261
LSTM-256,lstm,256,raw_windows,0.25,attack,0.5-1,3,77.0,14.0,0.1818181818181818,0.012987012987012991
LSTM-256,lstm,256,raw_windows,0.25,attack,1-2,3,91.0,25.0,0.2747252747252747,0.010989010989010957
LSTM-256,lstm,256,raw_windows,0.25,attack,2-4,3,78.0,16.666666666666668,0.21367521367521367,0.01480385305614426
LSTM-256,lstm,256,raw_windows,0.25,attack,4-8,3,36.0,7.0,0.19444444444444445,0.0
LSTM-256,lstm,256,raw_windows,0.25,attack,>=8,3,2.0,0.0,0.0,0.0
LSTM-256,lstm,256,raw_windows,0.25,investigation,<0.25,3,220.0,46.333333333333336,0.2106060606060606,0.030265127811269964
LSTM-256,lstm,256,raw_windows,0.25,investigation,0.25-0.5,3,301.0,90.66666666666667,0.301218161683278,0.026853500892540738
LSTM-256,lstm,256,raw_windows,0.25,investigation,0.5-1,3,379.0,117.0,0.3087071240105541,0.014690671142031713
LSTM-256,lstm,256,raw_windows,0.25,investigation,1-2,3,238.0,95.33333333333333,0.4005602240896358,0.013506513670858488
LSTM-256,lstm,256,raw_windows,0.25,investigation,2-4,3,165.0,72.33333333333333,0.4383838383838384,0.003499092540543209
LSTM-256,lstm,256,raw_windows,0.25,investigation,4-8,3,111.0,66.33333333333333,0.5975975975975976,0.028959912195174027
LSTM-256,lstm,256,raw_windows,0.25,investigation,>=8,3,53.0,39.0,0.7358490566037735,0.018867924528301966
LSTM-256,lstm,256,raw_windows,0.25,mount,<0.25,3,5.0,1.0,0.20000000000000004,0.0
LSTM-256,lstm,256,raw_windows,0.25,mount,0.25-0.5,3,13.0,2.3333333333333335,0.17948717948717952,0.04441155916843275
LSTM-256,lstm,256,raw_windows,0.25,mount,0.5-1,3,25.0,2.3333333333333335,0.09333333333333334,0.023094010767585025
LSTM-256,lstm,256,raw_windows,0.25,mount,1-2,3,34.0,6.0,0.17647058823529413,0.0
LSTM-256,lstm,256,raw_windows,0.25,mount,2-4,3,62.0,8.0,0.12903225806451613,0.0
LSTM-256,lstm,256,raw_windows,0.25,mount,4-8,3,30.0,6.666666666666667,0.22222222222222224,0.019245008972987518
LSTM-256,lstm,256,raw_windows,0.25,mount,>=8,3,39.0,12.0,0.3076923076923077,0.0
LSTM-256,lstm,256,raw_windows,0.5,attack,<0.25,3,26.0,2.0,0.07692307692307693,0.0
LSTM-256,lstm,256,raw_windows,0.5,attack,0.25-0.5,3,46.0,6.666666666666667,0.14492753623188406,0.012551092808470126
LSTM-256,lstm,256,raw_windows,0.5,attack,0.5-1,3,77.0,9.0,0.11688311688311688,0.012987012987012977
LSTM-256,lstm,256,raw_windows,0.5,attack,1-2,3,91.0,15.333333333333334,0.16849816849816848,0.012689016905266496
LSTM-256,lstm,256,raw_windows,0.5,attack,2-4,3,78.0,13.0,0.16666666666666666,0.012820512820512813
LSTM-256,lstm,256,raw_windows,0.5,attack,4-8,3,36.0,6.0,0.16666666666666666,0.0
LSTM-256,lstm,256,raw_windows,0.5,attack,>=8,3,2.0,0.0,0.0,0.0
LSTM-256,lstm,256,raw_windows,0.5,investigation,<0.25,3,220.0,29.666666666666668,0.13484848484848486,0.015963111746746583
LSTM-256,lstm,256,raw_windows,0.5,investigation,0.25-0.5,3,301.0,60.0,0.19933554817275748,0.011978575665993332
LSTM-256,lstm,256,raw_windows,0.5,investigation,0.5-1,3,379.0,90.33333333333333,0.23834652594547054,0.015904257977154924
LSTM-256,lstm,256,raw_windows,0.5,investigation,1-2,3,238.0,68.0,0.28571428571428575,0.00840336134453782
LSTM-256,lstm,256,raw_windows,0.5,investigation,2-4,3,165.0,57.666666666666664,0.3494949494949495,0.006998185081086378
LSTM-256,lstm,256,raw_windows,0.5,investigation,4-8,3,111.0,59.333333333333336,0.5345345345345346,0.02895991219517408
LSTM-256,lstm,256,raw_windows,0.5,investigation,>=8,3,53.0,31.666666666666668,0.5974842767295597,0.02882123078588578
LSTM-256,lstm,256,raw_windows,0.5,mount,<0.25,3,5.0,1.0,0.20000000000000004,0.0
LSTM-256,lstm,256,raw_windows,0.5,mount,0.25-0.5,3,13.0,2.0,0.15384615384615385,0.0
LSTM-256,lstm,256,raw_windows,0.5,mount,0.5-1,3,25.0,2.0,0.08,0.0
LSTM-256,lstm,256,raw_windows,0.5,mount,1-2,3,34.0,5.666666666666667,0.16666666666666666,0.016980890270283117
LSTM-256,lstm,256,raw_windows,0.5,mount,2-4,3,62.0,7.333333333333333,0.11827956989247312,0.009312101115961707
LSTM-256,lstm,256,raw_windows,0.5,mount,4-8,3,30.0,5.333333333333333,0.17777777777777778,0.01924500897298755
LSTM-256,lstm,256,raw_windows,0.5,mount,>=8,3,39.0,11.666666666666666,0.29914529914529914,0.014803853056144253
LSTM-256,lstm,256,smoothed_frames,0.25,attack,<0.25,3,26.0,4.333333333333333,0.16666666666666666,0.022205779584216375
LSTM-256,lstm,256,smoothed_frames,0.25,attack,0.25-0.5,3,46.0,10.0,0.21739130434782608,0.02173913043478261
LSTM-256,lstm,256,smoothed_frames,0.25,attack,0.5-1,3,77.0,14.0,0.1818181818181818,0.012987012987012991
LSTM-256,lstm,256,smoothed_frames,0.25,attack,1-2,3,91.0,25.0,0.2747252747252747,0.010989010989010957
LSTM-256,lstm,256,smoothed_frames,0.25,attack,2-4,3,78.0,16.666666666666668,0.21367521367521367,0.01480385305614426
LSTM-256,lstm,256,smoothed_frames,0.25,attack,4-8,3,36.0,7.0,0.19444444444444445,0.0
LSTM-256,lstm,256,smoothed_frames,0.25,attack,>=8,3,2.0,0.0,0.0,0.0
LSTM-256,lstm,256,smoothed_frames,0.25,investigation,<0.25,3,220.0,46.333333333333336,0.2106060606060606,0.030265127811269964
LSTM-256,lstm,256,smoothed_frames,0.25,investigation,0.25-0.5,3,301.0,90.66666666666667,0.301218161683278,0.026853500892540738
LSTM-256,lstm,256,smoothed_frames,0.25,investigation,0.5-1,3,379.0,117.0,0.3087071240105541,0.014690671142031713
LSTM-256,lstm,256,smoothed_frames,0.25,investigation,1-2,3,238.0,95.33333333333333,0.4005602240896358,0.013506513670858488
LSTM-256,lstm,256,smoothed_frames,0.25,investigation,2-4,3,165.0,72.33333333333333,0.4383838383838384,0.003499092540543209
LSTM-256,lstm,256,smoothed_frames,0.25,investigation,4-8,3,111.0,66.33333333333333,0.5975975975975976,0.028959912195174027
LSTM-256,lstm,256,smoothed_frames,0.25,investigation,>=8,3,53.0,39.0,0.7358490566037735,0.018867924528301966
LSTM-256,lstm,256,smoothed_frames,0.25,mount,<0.25,3,5.0,1.0,0.20000000000000004,0.0
LSTM-256,lstm,256,smoothed_frames,0.25,mount,0.25-0.5,3,13.0,2.3333333333333335,0.17948717948717952,0.04441155916843275
LSTM-256,lstm,256,smoothed_frames,0.25,mount,0.5-1,3,25.0,2.3333333333333335,0.09333333333333334,0.023094010767585025
LSTM-256,lstm,256,smoothed_frames,0.25,mount,1-2,3,34.0,6.0,0.17647058823529413,0.0
LSTM-256,lstm,256,smoothed_frames,0.25,mount,2-4,3,62.0,8.0,0.12903225806451613,0.0
LSTM-256,lstm,256,smoothed_frames,0.25,mount,4-8,3,30.0,6.666666666666667,0.22222222222222224,0.019245008972987518
LSTM-256,lstm,256,smoothed_frames,0.25,mount,>=8,3,39.0,12.0,0.3076923076923077,0.0
LSTM-256,lstm,256,smoothed_frames,0.5,attack,<0.25,3,26.0,2.0,0.07692307692307693,0.0
LSTM-256,lstm,256,smoothed_frames,0.5,attack,0.25-0.5,3,46.0,6.666666666666667,0.14492753623188406,0.012551092808470126
LSTM-256,lstm,256,smoothed_frames,0.5,attack,0.5-1,3,77.0,9.0,0.11688311688311688,0.012987012987012977
LSTM-256,lstm,256,smoothed_frames,0.5,attack,1-2,3,91.0,15.333333333333334,0.16849816849816848,0.012689016905266496
LSTM-256,lstm,256,smoothed_frames,0.5,attack,2-4,3,78.0,13.0,0.16666666666666666,0.012820512820512813
LSTM-256,lstm,256,smoothed_frames,0.5,attack,4-8,3,36.0,6.0,0.16666666666666666,0.0
LSTM-256,lstm,256,smoothed_frames,0.5,attack,>=8,3,2.0,0.0,0.0,0.0
LSTM-256,lstm,256,smoothed_frames,0.5,investigation,<0.25,3,220.0,29.666666666666668,0.13484848484848486,0.015963111746746583
LSTM-256,lstm,256,smoothed_frames,0.5,investigation,0.25-0.5,3,301.0,60.0,0.19933554817275748,0.011978575665993332
LSTM-256,lstm,256,smoothed_frames,0.5,investigation,0.5-1,3,379.0,90.33333333333333,0.23834652594547054,0.015904257977154924
LSTM-256,lstm,256,smoothed_frames,0.5,investigation,1-2,3,238.0,68.0,0.28571428571428575,0.00840336134453782
LSTM-256,lstm,256,smoothed_frames,0.5,investigation,2-4,3,165.0,57.666666666666664,0.3494949494949495,0.006998185081086378
LSTM-256,lstm,256,smoothed_frames,0.5,investigation,4-8,3,111.0,59.333333333333336,0.5345345345345346,0.02895991219517408
LSTM-256,lstm,256,smoothed_frames,0.5,investigation,>=8,3,53.0,31.666666666666668,0.5974842767295597,0.02882123078588578
LSTM-256,lstm,256,smoothed_frames,0.5,mount,<0.25,3,5.0,1.0,0.20000000000000004,0.0
LSTM-256,lstm,256,smoothed_frames,0.5,mount,0.25-0.5,3,13.0,2.0,0.15384615384615385,0.0
LSTM-256,lstm,256,smoothed_frames,0.5,mount,0.5-1,3,25.0,2.0,0.08,0.0
LSTM-256,lstm,256,smoothed_frames,0.5,mount,1-2,3,34.0,5.666666666666667,0.16666666666666666,0.016980890270283117
LSTM-256,lstm,256,smoothed_frames,0.5,mount,2-4,3,62.0,7.333333333333333,0.11827956989247312,0.009312101115961707
LSTM-256,lstm,256,smoothed_frames,0.5,mount,4-8,3,30.0,5.333333333333333,0.17777777777777778,0.01924500897298755
LSTM-256,lstm,256,smoothed_frames,0.5,mount,>=8,3,39.0,11.666666666666666,0.29914529914529914,0.014803853056144253
