stream,head,capacity,class,threshold,n_seeds,matched_bouts_mean,median_tiou_mean,median_tiou_sd,median_abs_start_offset_frames_mean,median_abs_start_offset_frames_sd,median_abs_end_offset_frames_mean,median_abs_end_offset_frames_sd,median_abs_mean_boundary_offset_frames_mean,median_abs_mean_boundary_offset_frames_sd,median_duration_error_frames_mean,median_duration_error_frames_sd,median_abs_duration_error_frames_mean,median_abs_duration_error_frames_sd,median_pred_duration_frames_mean,median_pred_duration_frames_sd,median_gt_duration_frames_mean,median_gt_duration_frames_sd
animal_visual_only,attention,256,attack,0.1,3,213.0,0.4724264705882353,0.016246413705346605,22.333333333333332,0.5773502691896255,18.0,0.0,23.833333333333332,1.892969448600091,34.666666666666664,3.055050463303893,41.333333333333336,2.3094010767585034,105.66666666666667,9.237604307034013,57.666666666666664,0.5773502691896247
animal_visual_only,attention,256,attack,0.25,3,178.0,0.5393784153005464,0.009620423339891826,20.666666666666668,1.1547005383792517,16.0,0.0,21.416666666666668,1.4215601757693321,31.333333333333332,1.5275252316519465,37.0,2.0,105.66666666666667,9.237604307034013,65.83333333333333,1.8929694486000899
animal_visual_only,attention,256,attack,0.5,3,101.66666666666667,0.6661823830409357,0.014293246133020581,15.166666666666666,1.0408329997330665,11.833333333333334,1.040832999733066,15.416666666666666,0.8036375634160797,22.0,1.0,27.166666666666668,3.1754264805429413,100.33333333333333,9.237604307034012,76.16666666666667,7.751343969488991
animal_visual_only,attention,256,investigation,0.1,3,686.0,0.5170369571469657,0.014774016699960766,12.0,1.0,13.0,0.0,15.0,1.0,17.0,3.605551275463989,24.333333333333332,1.5275252316519472,63.0,0.0,41.833333333333336,1.7559422921421242
animal_visual_only,attention,256,investigation,0.25,3,592.3333333333334,0.5660492848587332,0.011235034047968802,11.333333333333334,0.5773502691896255,11.833333333333334,0.28867513459481275,13.5,1.0,15.0,3.605551275463989,22.0,2.0,63.0,0.0,51.333333333333336,1.5275252316519474
animal_visual_only,attention,256,investigation,0.5,3,361.6666666666667,0.7061562962215948,0.005564925031240636,10.0,0.0,9.0,0.0,11.0,0.5,11.5,2.179449471770337,16.333333333333332,0.5773502691896263,79.0,0.0,65.5,1.8027756377319946
animal_visual_only,attention,256,mount,0.1,3,158.33333333333334,0.7511055444090641,0.010765822118868574,8.666666666666666,0.5773502691896255,14.0,0.0,13.083333333333334,0.5204164998665334,-2.3333333333333335,2.254624876411447,18.833333333333332,0.28867513459481314,87.0,8.0,101.0,0.5
animal_visual_only,attention,256,mount,0.25,3,152.33333333333334,0.7700201257324913,0.008907964656176727,8.666666666666666,0.5773502691896255,13.0,0.0,12.333333333333334,0.5773502691896258,-0.6666666666666666,1.755942292142123,18.333333333333332,0.5773502691896255,100.33333333333333,9.237604307034013,100.0,0.8660254037844386
animal_visual_only,attention,256,mount,0.5,3,131.0,0.8049617455628906,0.008548935458286234,8.5,0.5,11.5,1.3228756555322954,10.916666666666666,0.3818813079129867,1.3333333333333333,0.5773502691896258,15.833333333333334,1.040832999733066,111.0,0.0,103.83333333333333,5.346338310781816
animal_visual_only,attention,512,attack,0.1,3,205.33333333333334,0.4408079314528359,0.01575262004294013,22.833333333333332,1.7559422921421233,19.666666666666668,2.081665999466133,27.25,3.783186487605389,37.833333333333336,7.285830998131464,44.166666666666664,3.547299442298794,105.66666666666667,18.475208614068027,58.833333333333336,1.8929694486000916
animal_visual_only,attention,512,attack,0.25,3,163.66666666666666,0.5242959001782531,0.0137107474588427,20.666666666666668,1.5275252316519465,17.333333333333332,2.081665999466133,23.5,2.179449471770337,32.666666666666664,5.033222956847166,39.333333333333336,3.055050463303893,105.66666666666667,18.475208614068027,68.33333333333333,2.516611478423583
animal_visual_only,attention,512,attack,0.5,3,88.66666666666667,0.6687810895109032,0.023382889330798136,14.833333333333334,1.4433756729740645,12.166666666666666,2.0207259421636903,16.583333333333332,1.808544534517559,21.833333333333332,0.7637626158259734,28.333333333333332,2.081665999466133,100.33333333333333,9.237604307034012,80.5,5.220153254455275
animal_visual_only,attention,512,investigation,0.1,3,696.6666666666666,0.4964908392434988,0.006078044722186926,12.666666666666666,1.1547005383792517,14.666666666666666,0.5773502691896258,15.833333333333334,0.7637626158259732,18.333333333333332,3.0550504633038935,25.666666666666668,0.5773502691896255,63.0,0.0,41.333333333333336,2.3094010767585034
animal_visual_only,attention,512,investigation,0.25,3,581.3333333333334,0.5603016690436867,0.014902442611441752,11.833333333333334,1.040832999733066,12.333333333333334,0.5773502691896258,14.0,0.5,16.333333333333332,3.0550504633038935,23.666666666666668,0.5773502691896255,63.0,0.0,51.833333333333336,5.392896562454479
animal_visual_only,attention,512,investigation,0.5,3,356.0,0.688963963963964,0.0025356599660355406,10.333333333333334,1.5275252316519465,9.333333333333334,0.5773502691896258,11.5,0.0,11.833333333333334,2.362907813126304,18.333333333333332,0.5773502691896263,79.0,0.0,66.5,3.122498999199199
animal_visual_only,attention,512,mount,0.1,3,157.0,0.7607804232804233,0.01384109311935143,8.5,0.5,13.833333333333334,1.0408329997330665,12.583333333333334,0.8779711460710617,-2.8333333333333335,4.252450274057692,19.833333333333332,2.02072594216369,89.66666666666667,9.237604307034012,101.33333333333333,1.6072751268321572
animal_visual_only,attention,512,mount,0.25,3,151.0,0.7763201134278278,0.010603678215093223,8.5,0.5,13.166666666666666,0.28867513459481275,12.333333333333334,0.8779711460710617,-2.1666666666666665,4.010403138505321,19.0,1.7320508075688772,97.66666666666667,12.220201853215572,100.83333333333333,0.7637626158259714
animal_visual_only,attention,512,mount,0.5,3,130.33333333333334,0.8116939586936583,0.0018736153632808686,8.333333333333334,0.5773502691896258,11.666666666666666,0.5773502691896258,10.916666666666666,0.3818813079129864,0.6666666666666666,1.2583057392117918,16.5,1.3228756555322954,111.0,0.0,106.83333333333333,4.0722639076235385
animal_visual_only,attention,896,attack,0.1,3,208.33333333333334,0.4555431547619047,0.022874926960080085,22.166666666666668,1.258305739211792,18.666666666666668,1.1547005383792517,26.333333333333332,3.214550253664318,36.0,4.8218253804964775,42.666666666666664,3.785938897200182,105.66666666666667,18.475208614068027,58.833333333333336,1.443375672974065
animal_visual_only,attention,896,attack,0.25,3,170.66666666666666,0.5284193072446981,0.02019849178475487,20.333333333333332,1.5275252316519463,17.166666666666668,1.2583057392117918,21.833333333333332,1.7559422921421233,32.166666666666664,2.929732638541157,37.833333333333336,2.3629078131263044,105.66666666666667,18.475208614068027,68.16666666666667,2.254624876411449
animal_visual_only,attention,896,attack,0.5,3,94.0,0.6692994935585971,0.01581404491219903,14.166666666666666,0.7637626158259732,11.666666666666666,1.5275252316519468,15.833333333333334,0.3818813079129864,21.666666666666668,0.5773502691896263,28.0,0.0,100.33333333333333,9.237604307034012,78.16666666666667,3.5472994422987956
animal_visual_only,attention,896,investigation,0.1,3,694.0,0.49774564676616917,0.019106537057888662,13.0,1.7320508075688772,14.333333333333334,0.5773502691896258,16.666666666666668,1.6072751268321586,20.0,6.557438524302,26.666666666666668,3.785938897200182,63.0,0.0,41.333333333333336,3.0550504633038944
animal_visual_only,attention,896,investigation,0.25,3,580.0,0.5554784876967975,0.014811937006383254,12.0,1.0,12.5,0.5,14.5,0.8660254037844386,17.666666666666668,5.033222956847166,24.166666666666668,2.5658007197234416,68.33333333333333,9.237604307034013,51.5,4.092676385936225
animal_visual_only,attention,896,investigation,0.5,3,351.6666666666667,0.6906565656565657,0.005467332094598748,10.666666666666666,1.1547005383792517,9.333333333333334,0.5773502691896258,11.666666666666666,0.28867513459481314,13.166666666666666,3.403429642777023,18.333333333333332,2.081665999466133,84.33333333333333,9.237604307034013,67.33333333333333,2.081665999466134
animal_visual_only,attention,896,mount,0.1,3,158.0,0.7650554489729072,0.015604949250683436,8.5,0.8660254037844386,13.333333333333334,0.5773502691896258,12.166666666666666,1.040832999733066,-3.5,2.7838821814150108,19.0,2.0,95.0,0.0,101.16666666666667,1.4433756729740634
animal_visual_only,attention,896,mount,0.25,3,153.0,0.7744899815406271,0.017866452693329815,9.0,1.0,12.666666666666666,0.5773502691896255,12.0,1.0,-2.3333333333333335,1.1547005383792515,18.333333333333332,1.5275252316519465,95.0,0.0,101.0,1.0
animal_visual_only,attention,896,mount,0.5,3,133.66666666666666,0.8044815444824557,0.010650030513110137,8.666666666666666,1.5275252316519465,11.166666666666666,0.7637626158259732,10.916666666666666,0.9464847243000455,-1.0,2.0,16.166666666666668,2.0207259421636903,105.66666666666667,9.237604307034012,102.83333333333333,1.2583057392117933
animal_visual_only,lstm,256,attack,0.1,3,207.0,0.4753512596899225,0.021448446279013145,13.333333333333334,1.1547005383792515,16.333333333333332,2.081665999466133,19.166666666666668,2.7537852736430506,13.666666666666666,2.0816659994661326,31.333333333333332,4.725815626252609,68.33333333333333,9.237604307034012,56.333333333333336,0.5773502691896247
animal_visual_only,lstm,256,attack,0.25,3,178.33333333333334,0.5287698412698413,0.013746434980705326,11.833333333333334,1.607275126832159,14.666666666666666,2.0816659994661326,15.833333333333334,2.0816659994661326,12.0,3.0,24.333333333333332,2.886751345948129,65.66666666666667,4.618802153517007,59.333333333333336,0.28867513459481237
animal_visual_only,lstm,256,attack,0.5,3,99.66666666666667,0.7084948320413437,0.0002797239676306331,8.166666666666666,1.0408329997330665,9.5,0.5,10.75,0.9013878188659973,10.5,2.29128784747792,16.5,0.8660254037844386,68.33333333333333,9.237604307034012,59.166666666666664,2.929732638541157
animal_visual_only,lstm,256,investigation,0.1,3,773.3333333333334,0.4673611111111111,0.046132232445117716,14.666666666666666,2.0816659994661326,12.666666666666666,1.1547005383792515,17.833333333333332,2.7537852736430506,26.666666666666668,5.507570547286102,29.333333333333332,5.773502691896257,68.33333333333333,9.237604307034012,36.0,1.7320508075688772
animal_visual_only,lstm,256,investigation,0.25,3,629.3333333333334,0.5454834605597965,0.02947351087943221,13.333333333333334,1.5275252316519468,10.666666666666666,1.1547005383792515,14.666666666666666,2.0207259421636903,21.666666666666668,3.785938897200183,25.666666666666668,3.785938897200183,68.33333333333333,9.237604307034012,42.666666666666664,1.1547005383792526
animal_visual_only,lstm,256,investigation,0.5,3,364.3333333333333,0.685515873015873,0.012764989317914465,10.666666666666666,1.5275252316519468,8.0,0.0,10.666666666666666,0.7637626158259733,15.833333333333334,2.0207259421636903,18.0,2.6457513110645907,79.0,0.0,62.5,2.179449471770337
animal_visual_only,lstm,256,mount,0.1,3,149.66666666666666,0.760059326506044,0.04733691022808357,8.0,0.0,15.666666666666666,3.7859388972001824,13.166666666666666,1.2583057392117913,-7.333333333333333,11.50362261782493,20.333333333333332,3.214550253664318,87.0,8.0,103.16666666666667,2.362907813126306
animal_visual_only,lstm,256,mount,0.25,3,143.33333333333334,0.769646191815475,0.0457198151846421,8.0,0.0,15.0,3.4641016151377544,12.75,1.299038105676658,-7.0,11.0,19.666666666666668,3.752776749732568,92.33333333333333,12.220201853215574,102.5,1.3228756555322954
animal_visual_only,lstm,256,mount,0.5,3,122.0,0.7949824897453758,0.03920864799941139,7.666666666666667,0.5773502691896257,13.0,2.6457513110645907,11.5,1.3228756555322954,-6.333333333333333,10.503967504392486,17.666666666666668,3.785938897200183,105.66666666666667,9.237604307034012,106.33333333333333,3.214550253664317
animal_visual_only,lstm,512,attack,0.1,3,199.0,0.48560418441442543,0.025240902822310108,13.0,2.29128784747792,16.833333333333332,2.9297326385411577,20.166666666666668,4.0722639076235385,12.666666666666666,15.50268793897798,30.666666666666668,7.094598884597588,68.33333333333333,18.475208614068027,57.5,0.8660254037844386
animal_visual_only,lstm,512,attack,0.25,3,169.0,0.542750289483244,0.037169877107867705,11.333333333333334,2.0816659994661326,14.666666666666666,2.5166114784235836,16.5,3.307189138830738,11.833333333333334,13.13709759929237,26.0,6.0,68.33333333333333,18.475208614068027,60.333333333333336,3.214550253664319
animal_visual_only,lstm,512,attack,0.5,3,97.33333333333333,0.6874322493224932,0.02170954676794087,7.666666666666667,1.1547005383792517,9.0,1.7320508075688772,10.583333333333334,2.4281337140555777,8.833333333333334,7.75134396948899,17.333333333333332,4.041451884327381,68.33333333333333,18.475208614068027,61.166666666666664,6.251666444503684
animal_visual_only,lstm,512,investigation,0.1,3,742.0,0.4797697368421052,0.045617955666109405,14.666666666666666,4.509249752822894,12.333333333333334,1.1547005383792515,16.666666666666668,3.329164059239696,21.333333333333332,7.234178138070235,26.833333333333332,5.346338310781814,63.0,0.0,37.666666666666664,1.5275252316519456
animal_visual_only,lstm,512,investigation,0.25,3,616.6666666666666,0.5545419429860919,0.03138576160946036,13.166666666666666,3.752776749732568,11.0,1.0,14.666666666666666,2.5166114784235836,18.5,6.5383484153110105,24.0,4.358898943540674,68.33333333333333,4.618802153517007,46.0,0.5
animal_visual_only,lstm,512,investigation,0.5,3,362.3333333333333,0.6888888888888888,0.022948210613692125,11.0,2.6457513110645907,7.666666666666667,0.5773502691896257,10.666666666666666,2.0207259421636903,13.666666666666666,4.932882862316248,17.333333333333332,3.785938897200183,84.33333333333333,9.237604307034013,64.33333333333333,2.081665999466134
animal_visual_only,lstm,512,mount,0.1,3,151.33333333333334,0.7604234804998812,0.030701827683447615,8.333333333333334,0.5773502691896258,15.166666666666666,1.607275126832159,14.083333333333334,1.6645820296198484,-5.333333333333333,11.372481406154654,21.0,4.58257569495584,84.33333333333333,9.237604307034013,101.83333333333333,3.0138568866708524
animal_visual_only,lstm,512,mount,0.25,3,143.66666666666666,0.7778919479792492,0.020869230368076887,8.166666666666666,0.28867513459481275,14.333333333333334,1.5275252316519468,13.5,1.8027756377319946,-3.6666666666666665,10.866615541802027,19.666666666666668,4.618802153517007,97.66666666666667,4.618802153517004,100.66666666666667,1.2583057392117918
animal_visual_only,lstm,512,mount,0.5,3,122.66666666666667,0.8063869123760794,0.011517763207767843,7.833333333333333,0.2886751345948129,13.0,1.0,11.833333333333334,0.28867513459481275,-1.6666666666666667,8.32666399786453,18.166666666666668,3.883726732577015,113.66666666666667,12.220201853215572,108.5,5.894913061275798
animal_visual_only,lstm,896,attack,0.1,3,196.66666666666666,0.4730853415395284,0.020414173403513085,15.0,0.0,16.0,1.7320508075688772,20.416666666666668,1.8763883748662835,15.333333333333334,4.509249752822894,32.833333333333336,4.645786621588784,73.66666666666667,9.237604307034012,57.666666666666664,1.5275252316519468
animal_visual_only,lstm,896,attack,0.25,3,163.33333333333334,0.5397302350427351,0.0327303938663189,12.333333333333334,0.5773502691896255,13.666666666666666,0.5773502691896258,16.666666666666668,2.362907813126304,14.0,3.605551275463989,26.333333333333332,3.5118845842842465,73.66666666666667,9.237604307034012,60.5,0.5
animal_visual_only,lstm,896,attack,0.5,3,93.0,0.7021573315118398,0.014198250298062202,8.333333333333334,0.5773502691896255,9.333333333333334,0.5773502691896255,10.666666666666666,0.7637626158259736,10.666666666666666,2.3094010767585034,18.333333333333332,2.081665999466133,79.0,0.0,62.666666666666664,3.214550253664319
animal_visual_only,lstm,896,investigation,0.1,3,753.3333333333334,0.45649801587301586,0.016541524585714694,15.666666666666666,2.3094010767585034,13.0,1.7320508075688772,18.0,1.5,23.0,7.0,29.0,3.605551275463989,68.33333333333333,9.237604307034012,36.333333333333336,2.0816659994661326
animal_visual_only,lstm,896,investigation,0.25,3,604.0,0.531040258747652,0.004127148372733442,14.0,1.7320508075688772,10.833333333333334,0.7637626158259733,15.583333333333334,0.9464847243000455,19.666666666666668,5.131601439446884,25.333333333333332,2.309401076758503,68.33333333333333,9.237604307034012,45.833333333333336,1.6072751268321601
animal_visual_only,lstm,896,investigation,0.5,3,343.3333333333333,0.6752955487132702,0.008445237187931123,11.5,1.3228756555322954,8.333333333333334,0.5773502691896258,11.5,0.5,13.666666666666666,4.509249752822894,18.0,2.0,79.0,0.0,64.33333333333333,1.1547005383792526
animal_visual_only,lstm,896,mount,0.1,3,166.0,0.7710882016036655,0.010655247166392474,9.0,1.0,13.0,2.0,12.333333333333334,0.5773502691896258,5.833333333333333,7.653975002136689,18.333333333333332,1.1547005383792517,89.66666666666667,9.237604307034012,97.83333333333333,3.6170890690351167
animal_visual_only,lstm,896,mount,0.25,3,159.66666666666666,0.7799252620357641,0.009223719323552714,9.166666666666666,0.7637626158259733,12.333333333333334,1.5275252316519468,12.0,0.25,6.666666666666667,7.505553499465135,18.0,1.0,100.33333333333333,9.237604307034013,98.83333333333333,3.0138568866708537
animal_visual_only,lstm,896,mount,0.5,3,143.66666666666666,0.8006256475006475,0.00861571751968361,8.666666666666666,1.1547005383792515,11.666666666666666,1.1547005383792515,11.416666666666666,0.3818813079129864,5.833333333333333,6.788470618138767,16.666666666666668,0.5773502691896255,119.0,13.856406460551018,102.0,0.8660254037844386
full,attention,256,attack,0.1,3,225.66666666666666,0.5319859601449276,0.010238381295786211,14.833333333333334,1.2583057392117916,12.5,1.8027756377319946,16.833333333333332,0.28867513459481314,21.0,3.4641016151377544,28.333333333333332,2.081665999466133,79.0,0.0,55.166666666666664,0.7637626158259732
full,attention,256,attack,0.25,3,203.33333333333334,0.5661300505050505,0.0031526174803405875,14.0,1.0,11.666666666666666,1.5275252316519468,15.416666666666666,0.5204164998665332,19.666666666666668,2.309401076758503,25.833333333333332,1.7559422921421235,79.0,0.0,58.166666666666664,1.2583057392117925
full,attention,256,attack,0.5,3,126.66666666666667,0.6974296536796537,0.009095377110125705,10.666666666666666,1.5275252316519468,7.666666666666667,0.5773502691896257,10.833333333333334,1.607275126832159,15.166666666666666,1.7559422921421233,19.0,2.6457513110645907,84.33333333333333,9.237604307034012,67.33333333333333,2.309401076758502
full,attention,256,investigation,0.1,3,734.6666666666666,0.6255952380952381,0.02589798799738941,8.0,1.0,9.0,0.0,10.166666666666666,0.7637626158259736,10.166666666666666,2.466441431158124,16.0,1.7320508075688772,52.333333333333336,9.237604307034012,40.666666666666664,1.5275252316519456
full,attention,256,investigation,0.25,3,668.0,0.655424031986532,0.018750214776315336,7.666666666666667,0.5773502691896257,8.666666666666666,0.5773502691896258,9.666666666666666,0.7637626158259736,9.0,1.7320508075688772,14.666666666666666,1.1547005383792517,57.666666666666664,9.237604307034013,45.666666666666664,2.309401076758502
full,attention,256,investigation,0.5,3,477.3333333333333,0.757940155228758,0.007422951230760461,6.666666666666667,0.5773502691896257,7.0,0.0,7.5,0.5,6.333333333333333,1.5275252316519468,11.0,1.0,63.0,0.0,60.0,1.0
full,attention,256,mount,0.1,3,170.33333333333334,0.8252840909090909,0.0061507486064235365,7.0,1.0,9.333333333333334,0.5773502691896258,9.083333333333334,0.3818813079129867,1.0,6.082762530298219,13.166666666666666,1.040832999733066,89.66666666666667,9.237604307034012,95.66666666666667,5.251983752196244
full,attention,256,mount,0.25,3,167.66666666666666,0.8283160552897395,0.007113296121825207,7.0,1.0,9.333333333333334,0.5773502691896258,9.0,0.5,1.0,6.082762530298219,13.166666666666666,1.040832999733066,95.0,0.0,98.16666666666667,3.4034296427770236
full,attention,256,mount,0.5,3,155.0,0.8418081693644838,0.01112026569738754,6.333333333333333,0.5773502691896257,8.0,1.7320508075688772,8.333333333333334,0.5773502691896258,1.0,6.082762530298219,12.0,0.0,95.0,0.0,103.0,1.7320508075688772
full,attention,512,attack,0.1,3,219.66666666666666,0.5133680555555555,0.012061912286584538,18.5,2.7838821814150108,14.5,1.3228756555322954,20.333333333333332,2.466441431158124,31.833333333333332,6.898067362191626,36.5,3.905124837953327,105.66666666666667,9.237604307034012,56.666666666666664,1.040832999733067
full,attention,512,attack,0.25,3,195.33333333333334,0.5592592592592592,0.0056131276171213496,17.333333333333332,2.081665999466133,13.333333333333334,1.1547005383792515,19.25,2.384848003542364,29.5,6.06217782649107,33.666666666666664,3.6855573979159972,105.66666666666667,9.237604307034012,60.833333333333336,2.02072594216369
full,attention,512,attack,0.5,3,118.0,0.6894540644540644,0.013776086747995119,13.333333333333334,1.5275252316519468,9.0,1.7320508075688772,13.0,1.3228756555322954,20.0,3.605551275463989,23.833333333333332,2.565800719723442,105.66666666666667,9.237604307034012,76.16666666666667,2.75378527364305
full,attention,512,investigation,0.1,3,728.3333333333334,0.6036310255060254,0.007673460610267394,9.0,0.0,9.5,0.5,10.833333333333334,0.28867513459481275,12.0,2.6457513110645907,17.333333333333332,1.1547005383792517,63.0,0.0,40.833333333333336,1.755942292142123
full,attention,512,investigation,0.25,3,660.0,0.6371486928104576,0.011003682771599617,8.333333333333334,0.5773502691896258,9.0,0.0,10.083333333333334,0.14433756729740618,10.666666666666666,2.5166114784235836,16.333333333333332,1.1547005383792517,63.0,0.0,46.333333333333336,3.055050463303893
full,attention,512,investigation,0.5,3,462.6666666666667,0.7540554683411825,0.0035273335328918683,7.0,0.0,7.0,0.0,7.833333333333333,0.2886751345948129,7.666666666666667,1.5275252316519465,12.333333333333334,0.5773502691896258,63.0,0.0,61.0,1.0
full,attention,512,mount,0.1,3,166.66666666666666,0.8274147727272728,0.008101296700884797,7.666666666666667,0.5773502691896257,9.333333333333334,0.5773502691896258,9.666666666666666,0.7637626158259732,-0.6666666666666666,2.5166114784235836,13.666666666666666,2.0816659994661326,95.0,0.0,99.16666666666667,1.6072751268321606
full,attention,512,mount,0.25,3,163.66666666666666,0.8290598290598291,0.007401926528072163,7.333333333333333,0.5773502691896257,9.333333333333334,0.5773502691896258,9.333333333333334,0.5773502691896258,-0.6666666666666666,2.5166114784235836,13.0,1.7320508075688772,95.0,0.0,100.0,2.0
full,attention,512,mount,0.5,3,152.33333333333334,0.8443269908894512,0.011142715108039694,6.833333333333333,0.2886751345948129,8.5,0.8660254037844386,8.666666666666666,0.7637626158259732,-0.6666666666666666,2.5166114784235836,12.166666666666666,0.28867513459481275,97.66666666666667,4.618802153517004,102.83333333333333,1.8929694486000899
full,attention,896,attack,0.1,3,223.0,0.5350529100529101,0.015339602967716892,16.0,1.0,14.0,0.0,18.166666666666668,1.0103629710818447,27.0,3.0,31.833333333333332,1.7559422921421235,92.33333333333333,4.618802153517007,55.833333333333336,0.7637626158259726
full,attention,896,attack,0.25,3,202.33333333333334,0.5776539118865017,0.009740412877953178,15.0,1.0,13.0,0.0,16.833333333333332,0.28867513459481314,24.666666666666668,1.5275252316519465,29.666666666666668,1.040832999733066,100.33333333333333,9.237604307034012,58.833333333333336,0.7637626158259726
full,attention,896,attack,0.5,3,125.66666666666667,0.6893472906403941,0.0031996012455090058,12.0,0.5,9.333333333333334,0.5773502691896258,12.416666666666666,0.520416499866533,18.666666666666668,1.5275252316519465,22.166666666666668,0.7637626158259737,97.66666666666667,12.220201853215574,72.16666666666667,1.4433756729740634
full,attention,896,investigation,0.1,3,744.3333333333334,0.5928078865578866,0.014299317259354447,9.333333333333334,1.1547005383792515,9.333333333333334,0.5773502691896258,11.0,0.5,12.666666666666666,5.131601439446884,17.333333333333332,2.081665999466133,57.666666666666664,9.237604307034013,40.333333333333336,3.214550253664319
full,attention,896,investigation,0.25,3,666.3333333333334,0.6348148148148148,0.008504416669040797,8.666666666666666,0.5773502691896258,9.0,0.0,10.166666666666666,0.28867513459481275,10.666666666666666,4.932882862316248,15.666666666666666,1.5275252316519468,57.666666666666664,9.237604307034013,45.166666666666664,4.252450274057691
full,attention,896,investigation,0.5,3,468.6666666666667,0.7473474801061007,0.010639970421360521,7.333333333333333,0.5773502691896257,7.0,0.0,7.666666666666667,0.2886751345948129,8.0,3.605551275463989,12.666666666666666,1.1547005383792515,63.0,0.0,60.333333333333336,2.5166114784235836
full,attention,896,mount,0.1,3,170.66666666666666,0.8161148960716621,0.012301714529615539,8.166666666666666,2.565800719723442,9.666666666666666,0.5773502691896258,10.583333333333334,0.8036375634160797,1.6666666666666667,12.423096769056148,16.333333333333332,2.309401076758503,95.0,0.0,95.5,9.096702699330127
full,attention,896,mount,0.25,3,167.33333333333334,0.8192695220905838,0.012830498491421677,8.0,2.0,9.666666666666666,0.5773502691896258,10.166666666666666,0.7637626158259733,1.1666666666666667,11.98262631201246,16.0,1.7320508075688772,95.0,0.0,97.16666666666667,7.942501704962569
full,attention,896,mount,0.5,3,151.33333333333334,0.8418860115377528,0.014655852843152397,7.666666666666667,2.081665999466133,9.333333333333334,0.5773502691896258,9.75,0.6614378277661477,2.0,10.44030650891055,14.0,2.0,100.33333333333333,9.237604307034012,101.5,2.179449471770337
full,lstm,256,attack,0.1,3,225.66666666666666,0.5587347701318289,0.02883182761259427,11.666666666666666,0.5773502691896258,10.166666666666666,2.254624876411447,15.0,1.8027756377319946,15.166666666666666,3.013856886670854,23.833333333333332,2.0207259421636903,68.33333333333333,9.237604307034012,55.166666666666664,1.2583057392117925
full,lstm,256,attack,0.25,3,207.66666666666666,0.5833270178097765,0.01895505742570941,11.0,1.0,9.166666666666666,1.2583057392117918,13.75,1.3919410907075054,15.0,3.278719262151,22.5,1.8027756377319946,68.33333333333333,9.237604307034012,56.666666666666664,1.1547005383792526
full,lstm,256,attack,0.5,3,132.0,0.6967435275080907,0.013653092411617338,7.333333333333333,0.5773502691896257,6.333333333333333,0.5773502691896258,9.166666666666666,0.5773502691896258,11.666666666666666,1.5275252316519468,16.0,1.0,73.66666666666667,9.237604307034012,62.166666666666664,2.7537852736430515
full,lstm,256,investigation,0.1,3,726.6666666666666,0.6198107448107448,0.004852903875331071,8.0,0.0,9.0,0.0,10.5,0.0,9.0,1.7320508075688772,15.666666666666666,0.5773502691896258,63.0,0.0,43.0,3.605551275463989
full,lstm,256,investigation,0.25,3,658.3333333333334,0.6516055518119197,0.00785122574235536,7.666666666666667,0.5773502691896257,8.333333333333334,0.5773502691896258,9.666666666666666,0.28867513459481275,7.666666666666667,1.1547005383792515,14.333333333333334,0.5773502691896255,63.0,0.0,48.0,4.0
full,lstm,256,investigation,0.5,3,481.0,0.7475224785867164,0.007423076898322397,6.666666666666667,0.5773502691896257,7.0,0.0,7.833333333333333,0.2886751345948129,5.666666666666667,1.1547005383792515,11.666666666666666,0.5773502691896258,63.0,0.0,61.0,1.7320508075688772
full,lstm,256,mount,0.1,3,170.66666666666666,0.8241130657550625,0.008835587959841068,7.0,0.0,9.666666666666666,0.5773502691896258,9.5,0.8660254037844386,0.6666666666666666,2.8867513459481287,12.333333333333334,0.28867513459481314,95.0,0.0,97.0,1.5
full,lstm,256,mount,0.25,3,166.33333333333334,0.8286192298448967,0.013436926963032478,6.833333333333333,0.2886751345948129,9.666666666666666,0.5773502691896258,9.25,0.9013878188659973,0.3333333333333333,3.214550253664318,12.0,0.0,95.0,0.0,99.0,0.8660254037844386
full,lstm,256,mount,0.5,3,155.66666666666666,0.8356938319764812,0.013040628558627754,6.5,0.5,9.166666666666666,1.0408329997330665,8.833333333333334,0.7637626158259733,0.3333333333333333,2.3094010767585034,11.333333333333334,0.5773502691896258,100.33333333333333,9.237604307034012,103.16666666666667,1.60727512683216
full,lstm,512,attack,0.1,3,225.66666666666666,0.556805529264535,0.034481361199588535,11.5,1.8027756377319946,12.0,2.6457513110645907,15.0,2.1360009363293826,18.0,5.894913061275798,25.666666666666668,3.0550504633038935,73.66666666666667,9.237604307034012,55.666666666666664,0.5773502691896263
full,lstm,512,attack,0.25,3,209.0,0.5858178559791463,0.02321099309088683,11.333333333333334,2.0816659994661326,10.666666666666666,2.5166114784235836,13.833333333333334,2.0207259421636903,17.333333333333332,4.725815626252609,24.333333333333332,3.511884584284246,73.66666666666667,9.237604307034012,57.333333333333336,1.154700538379251
full,lstm,512,attack,0.5,3,131.33333333333334,0.705239898989899,0.0208594303947698,8.166666666666666,1.0408329997330665,8.0,1.7320508075688772,9.583333333333334,1.0103629710818451,13.5,3.122498999199199,16.833333333333332,2.0207259421636903,73.66666666666667,9.237604307034012,62.5,5.634713834792322
full,lstm,512,investigation,0.1,3,748.6666666666666,0.5804406800096454,0.031198204350617532,9.333333333333334,2.0816659994661326,9.333333333333334,0.5773502691896255,11.0,1.0,12.0,6.244997998398398,17.333333333333332,2.081665999466133,63.0,0.0,40.666666666666664,3.0550504633038926
full,lstm,512,investigation,0.25,3,669.6666666666666,0.6253467478467479,0.013310204810048826,8.666666666666666,1.5275252316519468,9.0,0.0,10.166666666666666,0.5773502691896258,10.5,5.894913061275798,16.0,1.7320508075688772,63.0,0.0,46.333333333333336,4.0414518843273814
full,lstm,512,investigation,0.5,3,459.3333333333333,0.7481629521963824,0.0031818601317984917,7.333333333333333,1.1547005383792517,7.0,0.0,8.0,0.5,7.333333333333333,4.725815626252609,12.833333333333334,1.607275126832159,73.66666666666667,9.237604307034012,62.333333333333336,1.2583057392117925
full,lstm,512,mount,0.1,3,165.0,0.7963424998235125,0.003111326140285747,7.666666666666667,1.1547005383792517,12.0,0.0,11.916666666666666,0.3818813079129867,-4.666666666666667,1.1547005383792515,14.833333333333334,0.28867513459481314,92.33333333333333,4.618802153517007,99.0,0.8660254037844386
full,lstm,512,mount,0.25,3,160.66666666666666,0.8018497208370626,0.005542755948255327,7.666666666666667,1.1547005383792517,11.666666666666666,0.5773502691896258,11.5,0.0,-5.0,1.0,14.666666666666666,0.5773502691896258,95.0,0.0,101.16666666666667,1.4433756729740634
full,lstm,512,mount,0.5,3,139.33333333333334,0.828341006752609,0.004400896146897684,7.333333333333333,0.5773502691896257,10.666666666666666,0.5773502691896258,10.583333333333334,0.3818813079129864,-4.666666666666667,1.1547005383792515,12.166666666666666,0.28867513459481275,105.66666666666667,9.237604307034012,110.16666666666667,6.601767440112785
full,lstm,896,attack,0.1,3,222.0,0.5439236111111111,0.021196914220086457,13.0,1.0,13.666666666666666,0.5773502691896255,16.5,0.5,22.666666666666668,1.1547005383792517,28.5,0.5,79.0,0.0,56.166666666666664,0.7637626158259732
full,lstm,896,attack,0.25,3,206.0,0.5783991228070176,0.015632212093621988,12.666666666666666,0.5773502691896255,13.333333333333334,0.5773502691896258,15.75,0.75,21.666666666666668,1.1547005383792517,27.0,1.0,79.0,0.0,58.5,0.8660254037844386
full,lstm,896,attack,0.5,3,126.33333333333333,0.6986111111111111,0.0012028130608117001,9.0,0.0,9.0,1.0,10.833333333333334,0.5773502691896258,16.666666666666668,0.5773502691896263,19.666666666666668,1.1547005383792517,84.33333333333333,9.237604307034012,67.66666666666667,1.5275252316519485
full,lstm,896,investigation,0.1,3,751.3333333333334,0.5736553968874979,0.021881311329711706,10.333333333333334,1.5275252316519465,9.666666666666666,0.5773502691896258,11.333333333333334,0.5773502691896255,14.0,3.0,18.166666666666668,1.2583057392117911,63.0,0.0,39.833333333333336,2.020725942163691
full,lstm,896,investigation,0.25,3,668.3333333333334,0.6208177724135171,0.004227529432479058,9.333333333333334,0.5773502691896255,9.0,0.0,10.5,0.0,12.166666666666666,2.254624876411447,16.333333333333332,0.5773502691896263,63.0,0.0,43.833333333333336,2.7537852736430515
full,lstm,896,investigation,0.5,3,451.0,0.7444431415468001,0.005243199918813455,8.0,0.0,6.666666666666667,0.5773502691896258,8.0,0.0,9.333333333333334,1.5275252316519465,13.0,0.0,68.33333333333333,9.237604307034013,61.0,0.5
full,lstm,896,mount,0.1,3,160.0,0.7594679873551726,0.015414800484034886,7.666666666666667,1.1547005383792517,14.666666666666666,0.5773502691896258,12.5,0.5,-9.833333333333334,4.193248541803041,18.333333333333332,3.0550504633038935,84.33333333333333,9.237604307034012,100.83333333333333,1.7559422921421248
full,lstm,896,mount,0.25,3,154.66666666666666,0.7724645876839594,0.009355412428014194,7.666666666666667,1.1547005383792517,14.333333333333334,0.5773502691896258,12.5,0.5,-9.666666666666666,4.041451884327381,17.5,2.179449471770337,84.33333333333333,9.237604307034012,101.83333333333333,1.0408329997330683
full,lstm,896,mount,0.5,3,133.0,0.8028619528619529,0.004957047765769442,7.166666666666667,0.7637626158259734,13.333333333333334,1.1547005383792515,11.583333333333334,0.3818813079129864,-8.0,3.605551275463989,15.166666666666666,1.8929694486000914,95.0,0.0,102.66666666666667,1.1547005383792495
no_group_visual,attention,256,attack,0.1,3,222.33333333333334,0.5154882154882154,0.0014359193694639693,16.5,2.179449471770337,14.5,0.8660254037844386,18.666666666666668,2.466441431158124,26.666666666666668,5.507570547286102,32.5,4.330127018922194,95.0,16.0,55.666666666666664,1.7559422921421224
no_group_visual,attention,256,attack,0.25,3,197.66666666666666,0.5552804341226473,0.007879712486594836,15.333333333333334,1.5275252316519468,13.666666666666666,0.5773502691896258,17.083333333333332,1.4648663192705784,25.0,4.358898943540674,29.666666666666668,2.466441431158124,95.0,16.0,60.666666666666664,2.886751345948128
no_group_visual,attention,256,attack,0.5,3,119.0,0.6985809178743961,0.0016406767017172086,12.5,0.8660254037844386,8.666666666666666,1.1547005383792515,12.5,0.8660254037844386,18.666666666666668,2.081665999466133,21.666666666666668,1.1547005383792517,95.0,16.0,71.66666666666667,6.02771377334171
no_group_visual,attention,256,investigation,0.1,3,739.6666666666666,0.6039402173913043,0.023796575934968728,9.0,1.0,9.333333333333334,0.5773502691896255,10.833333333333334,0.7637626158259732,12.666666666666666,4.725815626252609,17.0,2.6457513110645907,57.666666666666664,9.237604307034013,40.5,2.598076211353316
no_group_visual,attention,256,investigation,0.25,3,671.3333333333334,0.6420693277310924,0.02117533323933953,8.333333333333334,0.5773502691896255,8.666666666666666,0.5773502691896258,10.166666666666666,0.5773502691896258,11.0,4.358898943540674,15.333333333333334,1.5275252316519465,63.0,0.0,45.5,3.905124837953327
no_group_visual,attention,256,investigation,0.5,3,469.3333333333333,0.7568221352467926,0.012869469892577706,7.0,1.0,7.0,0.0,7.5,0.5,8.333333333333334,3.214550253664318,12.0,1.7320508075688772,68.33333333333333,9.237604307034013,61.0,1.0
no_group_visual,attention,256,mount,0.1,3,166.0,0.8220648795648796,0.00484910234734036,7.5,0.5,9.666666666666666,0.5773502691896258,9.333333333333334,0.28867513459481275,-1.3333333333333333,3.7859388972001824,13.5,1.3228756555322954,95.0,0.0,98.83333333333333,0.7637626158259737
no_group_visual,attention,256,mount,0.25,3,163.33333333333334,0.8243865984662216,0.00549282518682071,7.5,0.5,9.666666666666666,0.5773502691896258,9.333333333333334,0.28867513459481275,-1.5,3.5,13.333333333333334,1.1547005383792517,95.0,0.0,99.83333333333333,1.1547005383792526
no_group_visual,attention,256,mount,0.5,3,150.0,0.8373018441046823,0.0075668604091892345,6.833333333333333,0.7637626158259733,9.666666666666666,0.5773502691896258,8.666666666666666,0.5773502691896258,-1.8333333333333333,2.9297326385411577,12.0,0.0,95.0,0.0,105.83333333333333,3.8188130791298684
no_group_visual,attention,512,attack,0.1,3,218.0,0.506777173517204,0.010444574113023776,17.5,1.3228756555322954,15.5,1.3228756555322954,20.25,1.25,29.333333333333332,3.511884584284246,34.833333333333336,3.818813079129867,95.0,0.0,56.833333333333336,0.5773502691896263
no_group_visual,attention,512,attack,0.25,3,194.0,0.5481676395098526,0.011180748693874792,16.5,1.3228756555322954,14.5,0.8660254037844386,18.833333333333332,1.7017148213885114,25.666666666666668,2.753785273643051,31.833333333333332,2.0207259421636903,100.33333333333333,9.237604307034012,62.5,1.8027756377319946
no_group_visual,attention,512,attack,0.5,3,114.0,0.7011133292383293,0.0021406297916842713,12.666666666666666,0.5773502691896258,9.5,0.8660254037844386,12.666666666666666,0.5773502691896258,17.5,2.598076211353316,21.666666666666668,1.1547005383792517,100.33333333333333,9.237604307034012,77.83333333333333,0.7637626158259714
no_group_visual,attention,512,investigation,0.1,3,739.3333333333334,0.6000330687830688,0.009622674951687546,9.0,0.0,9.666666666666666,0.5773502691896258,11.166666666666666,0.28867513459481314,13.666666666666666,2.5166114784235836,17.333333333333332,1.1547005383792517,63.0,0.0,40.0,1.7320508075688772
no_group_visual,attention,512,investigation,0.25,3,667.3333333333334,0.633196166090903,0.013390490738842947,8.333333333333334,0.5773502691896255,9.0,0.0,10.333333333333334,0.28867513459481275,12.0,2.6457513110645907,16.166666666666668,1.0408329997330663,63.0,0.0,44.666666666666664,3.785938897200182
no_group_visual,attention,512,investigation,0.5,3,465.3333333333333,0.7526041666666666,0.004510548978043943,7.0,0.0,7.0,0.0,7.833333333333333,0.2886751345948129,8.333333333333334,1.1547005383792515,12.166666666666666,1.0408329997330665,63.0,0.0,60.833333333333336,1.0408329997330668
no_group_visual,attention,512,mount,0.1,3,167.33333333333334,0.8305085504521443,0.007455932623103723,7.333333333333333,0.5773502691896257,9.333333333333334,0.5773502691896258,9.5,0.5,0.16666666666666666,2.8431203515386634,14.0,2.0,95.0,0.0,98.66666666666667,1.1547005383792526
no_group_visual,attention,512,mount,0.25,3,164.33333333333334,0.8334795702242407,0.007303650971206971,7.333333333333333,0.5773502691896257,9.333333333333334,0.5773502691896258,9.333333333333334,0.28867513459481314,-0.3333333333333333,2.516611478423583,13.666666666666666,1.5275252316519465,95.0,0.0,99.33333333333333,1.5275252316519452
no_group_visual,attention,512,mount,0.5,3,152.33333333333334,0.8465182229279803,0.008686144902044666,7.0,0.0,8.5,0.5,8.5,0.5,-0.3333333333333333,2.516611478423583,12.333333333333334,1.5275252316519468,95.0,0.0,103.16666666666667,1.6072751268321606
no_group_visual,attention,896,attack,0.1,3,216.0,0.5253517316017317,0.008998683464214516,18.5,0.5,14.666666666666666,1.1547005383792515,20.416666666666668,0.5204164998665335,33.333333333333336,4.932882862316248,37.333333333333336,2.5166114784235836,105.66666666666667,9.237604307034012,57.166666666666664,0.28867513459481237
no_group_visual,attention,896,attack,0.25,3,193.33333333333334,0.566744730679157,0.0120637672496087,17.333333333333332,0.5773502691896255,13.666666666666666,0.5773502691896255,19.166666666666668,0.7637626158259734,30.5,4.330127018922194,34.166666666666664,2.02072594216369,105.66666666666667,9.237604307034012,61.333333333333336,0.5773502691896263
no_group_visual,attention,896,attack,0.5,3,117.66666666666667,0.6848958333333334,0.011933790872280822,13.5,0.5,10.666666666666666,2.0816659994661326,14.0,0.8660254037844386,21.666666666666668,3.0550504633038935,24.666666666666668,1.5275252316519472,105.66666666666667,9.237604307034013,77.16666666666667,0.2886751345948139
no_group_visual,attention,896,investigation,0.1,3,723.3333333333334,0.5902606735895386,0.01042558823654039,9.0,0.0,10.0,0.0,11.25,0.4330127018922193,11.333333333333334,2.516611478423583,17.0,1.0,57.666666666666664,9.237604307034013,41.333333333333336,1.5275252316519474
no_group_visual,attention,896,investigation,0.25,3,651.6666666666666,0.630503144654088,0.009531726142281524,8.0,0.0,9.0,0.0,10.333333333333334,0.28867513459481275,10.333333333333334,2.516611478423583,15.666666666666666,1.1547005383792517,63.0,0.0,47.166666666666664,1.6072751268321586
no_group_visual,attention,896,investigation,0.5,3,452.0,0.7505654761904762,0.011067387575383987,7.0,0.0,7.0,0.0,7.666666666666667,0.2886751345948129,7.666666666666667,1.1547005383792515,11.666666666666666,0.5773502691896258,68.33333333333333,9.237604307034013,61.0,0.0
no_group_visual,attention,896,mount,0.1,3,169.66666666666666,0.8152130022208762,0.006023046156627088,8.0,1.0,9.666666666666666,0.5773502691896258,10.666666666666666,0.7637626158259733,1.3333333333333333,7.234178138070234,15.0,0.0,89.66666666666667,9.237604307034013,97.0,2.6457513110645907
no_group_visual,attention,896,mount,0.25,3,166.66666666666666,0.8170197740112993,0.006931345173624237,8.0,1.0,9.666666666666666,0.5773502691896258,10.5,0.5,1.3333333333333333,7.234178138070234,14.666666666666666,0.5773502691896258,89.66666666666667,9.237604307034013,98.66666666666667,1.1547005383792495
no_group_visual,attention,896,mount,0.5,3,150.33333333333334,0.8298734087875989,0.005943715777979106,7.666666666666667,0.5773502691896258,8.833333333333334,0.28867513459481275,9.666666666666666,0.28867513459481275,2.0,6.082762530298219,13.333333333333334,0.7637626158259732,95.0,0.0,101.33333333333333,0.2886751345948108
no_group_visual,lstm,256,attack,0.1,3,221.33333333333334,0.5486384424573912,0.014948828146075531,12.0,1.0,11.5,3.0413812651491097,15.75,2.1360009363293826,17.166666666666668,3.617089069035117,25.0,1.8027756377319946,73.66666666666667,9.237604307034012,55.333333333333336,0.5773502691896247
no_group_visual,lstm,256,attack,0.25,3,205.0,0.5762726471059804,0.014699816498471427,11.0,1.0,10.833333333333334,2.4664414311581235,14.75,1.75,15.833333333333334,2.9297326385411573,23.666666666666668,1.892969448600091,73.66666666666667,9.237604307034012,58.0,1.5
no_group_visual,lstm,256,attack,0.5,3,128.66666666666666,0.7022501193697278,0.012050378436576024,8.0,1.0,7.0,1.0,9.083333333333334,0.9464847243000455,12.833333333333334,2.02072594216369,16.166666666666668,1.040832999733066,73.66666666666667,9.237604307034012,63.166666666666664,4.041451884327381
no_group_visual,lstm,256,investigation,0.1,3,744.3333333333334,0.6065700062928245,0.014615501696315336,8.666666666666666,0.5773502691896258,9.666666666666666,0.5773502691896258,10.666666666666666,0.28867513459481314,10.666666666666666,0.5773502691896258,16.333333333333332,0.5773502691896263,63.0,0.0,40.833333333333336,1.2583057392117925
no_group_visual,lstm,256,investigation,0.25,3,668.6666666666666,0.6398273273273274,0.01291776787355093,8.0,0.0,9.0,0.0,9.75,0.25,9.0,0.0,14.5,0.5,63.0,0.0,46.833333333333336,2.753785273643052
no_group_visual,lstm,256,investigation,0.5,3,475.0,0.7520325203252032,0.0035204284706684607,7.0,0.0,7.0,0.0,7.666666666666667,0.28867513459481275,6.0,1.0,11.666666666666666,0.5773502691896258,63.0,0.0,61.333333333333336,1.5275252316519468
no_group_visual,lstm,256,mount,0.1,3,165.33333333333334,0.8062699396309575,0.01290092073744818,7.0,0.0,11.666666666666666,2.081665999466133,10.833333333333334,0.7637626158259732,-6.666666666666667,2.8867513459481287,14.833333333333334,0.28867513459481275,84.33333333333333,9.237604307034012,99.83333333333333,1.2583057392117933
no_group_visual,lstm,256,mount,0.25,3,160.33333333333334,0.8129316287522718,0.012136356275336562,7.0,0.0,11.0,1.0,10.5,0.8660254037844386,-6.333333333333333,2.3094010767585034,14.666666666666666,0.5773502691896258,89.66666666666667,9.237604307034013,101.0,1.0
no_group_visual,lstm,256,mount,0.5,3,140.33333333333334,0.835533197477305,0.01210544365862813,6.666666666666667,0.5773502691896258,10.333333333333334,0.5773502691896255,9.583333333333334,0.3818813079129864,-5.833333333333333,2.3629078131263044,12.5,0.5,95.0,0.0,107.83333333333333,3.0138568866708524
no_group_visual,lstm,512,attack,0.1,3,220.66666666666666,0.5385627104377105,0.023593260764907014,14.0,1.7320508075688772,13.333333333333334,1.1547005383792515,16.833333333333332,2.081665999466133,22.0,5.196152422706632,29.5,3.605551275463989,89.66666666666667,9.237604307034012,56.0,0.0
no_group_visual,lstm,512,attack,0.25,3,200.66666666666666,0.571524064171123,0.01563013763514697,13.333333333333334,1.1547005383792515,12.0,1.0,15.416666666666666,1.464866319270579,21.333333333333332,4.618802153517007,27.166666666666668,3.329164059239696,89.66666666666667,9.237604307034012,59.0,1.0
no_group_visual,lstm,512,attack,0.5,3,124.0,0.696875,0.008267972847076832,10.0,2.6457513110645907,9.0,1.0,10.833333333333334,2.0207259421636903,16.0,3.605551275463989,20.0,3.4641016151377544,89.66666666666667,9.237604307034012,67.33333333333333,4.163331998932265
no_group_visual,lstm,512,investigation,0.1,3,712.0,0.6055629777791349,0.008669878352847573,9.0,1.0,9.0,0.0,10.833333333333334,0.28867513459481275,7.666666666666667,3.5118845842842465,15.666666666666666,1.1547005383792515,63.0,0.0,44.5,4.330127018922194
no_group_visual,lstm,512,investigation,0.25,3,642.0,0.6453883487357207,0.008061093439044395,8.333333333333334,1.1547005383792515,8.5,0.5,10.166666666666666,0.28867513459481275,7.0,3.605551275463989,14.666666666666666,1.1547005383792515,63.0,0.0,50.666666666666664,3.785938897200182
no_group_visual,lstm,512,investigation,0.5,3,458.0,0.7582614253755193,0.011403082977283123,7.333333333333333,0.5773502691896257,7.0,0.0,8.0,0.5,5.0,3.605551275463989,11.666666666666666,1.5275252316519468,73.66666666666667,9.237604307034012,65.0,1.0
no_group_visual,lstm,512,mount,0.1,3,163.66666666666666,0.7774884259259259,0.03515714304992841,7.333333333333333,0.5773502691896258,13.333333333333334,2.081665999466133,12.166666666666666,0.5773502691896255,-7.333333333333333,3.785938897200183,16.333333333333332,2.5166114784235827,84.33333333333333,9.237604307034013,99.33333333333333,1.1547005383792495
no_group_visual,lstm,512,mount,0.25,3,158.66666666666666,0.7898367714157187,0.030496126632629225,7.5,0.5,13.333333333333334,2.081665999466133,12.166666666666666,0.5773502691896255,-7.666666666666667,3.2145502536643185,16.333333333333332,2.5166114784235827,95.0,0.0,100.83333333333333,1.040832999733065
no_group_visual,lstm,512,mount,0.5,3,136.0,0.8170486057727896,0.01815818095721486,7.0,0.0,12.666666666666666,2.516611478423583,11.333333333333334,0.28867513459481314,-6.666666666666667,3.2145502536643185,13.833333333333334,1.7559422921421233,95.0,0.0,105.83333333333333,1.4433756729740634
no_group_visual,lstm,896,attack,0.1,3,220.0,0.5334303476676961,0.011273849802543097,13.333333333333334,2.5166114784235836,13.666666666666666,0.5773502691896255,17.25,1.9525624189766635,24.333333333333332,5.773502691896257,29.833333333333332,4.010403138505321,89.66666666666667,9.237604307034012,56.833333333333336,0.28867513459481237
no_group_visual,lstm,896,attack,0.25,3,200.66666666666666,0.5687064459930314,0.006206445993031412,13.333333333333334,2.5166114784235836,12.666666666666666,0.5773502691896255,16.333333333333332,1.443375672974064,23.333333333333332,4.041451884327381,28.166666666666668,3.752776749732568,92.33333333333333,16.65332799572906,60.0,1.7320508075688772
no_group_visual,lstm,896,attack,0.5,3,122.66666666666667,0.7029645191409898,0.01386520727405469,9.5,2.5,8.833333333333334,1.0408329997330665,10.5,1.7320508075688772,16.0,4.58257569495584,19.333333333333332,3.214550253664318,84.33333333333333,9.237604307034012,70.5,2.179449471770337
no_group_visual,lstm,896,investigation,0.1,3,696.3333333333334,0.6082532051282051,0.007753413147377419,8.333333333333334,0.5773502691896258,9.666666666666666,0.5773502691896258,10.666666666666666,0.7637626158259733,6.333333333333333,3.214550253664318,15.666666666666666,1.1547005383792515,57.666666666666664,9.237604307034012,45.0,3.0
no_group_visual,lstm,896,investigation,0.25,3,636.0,0.6406766381766382,0.004664306902619896,8.0,1.0,9.0,0.0,10.0,0.5,6.0,2.6457513110645907,14.333333333333334,0.5773502691896258,63.0,0.0,50.0,1.0
no_group_visual,lstm,896,investigation,0.5,3,450.0,0.7530668004906881,0.00270292293701711,7.333333333333333,0.5773502691896257,7.0,0.0,7.666666666666667,0.2886751345948129,3.6666666666666665,2.8867513459481287,11.333333333333334,0.5773502691896258,68.33333333333333,9.237604307034012,62.166666666666664,1.2583057392117916
no_group_visual,lstm,896,mount,0.1,3,163.66666666666666,0.7847677638444144,0.016820559386020298,8.666666666666666,1.1547005383792515,13.0,1.0,12.416666666666666,0.721687836487032,-3.6666666666666665,2.0207259421636903,14.833333333333334,1.2583057392117913,89.66666666666667,9.237604307034012,99.33333333333333,1.0408329997330683
no_group_visual,lstm,896,mount,0.25,3,157.0,0.7929660659438782,0.014369641261479178,8.333333333333334,1.5275252316519468,12.0,0.5,12.25,0.4330127018922193,-3.5,1.8027756377319946,14.666666666666666,1.0408329997330665,95.0,0.0,101.33333333333333,0.7637626158259714
no_group_visual,lstm,896,mount,0.5,3,137.0,0.8228103431515504,0.01120841497717546,7.666666666666667,1.1547005383792517,11.0,0.0,11.333333333333334,0.5773502691896258,-3.0,2.0,13.333333333333334,1.1547005383792515,95.0,0.0,109.0,3.4641016151377544
no_relations,attention,256,attack,0.1,3,218.33333333333334,0.4947198781059541,0.013725587688024834,19.0,1.7320508075688772,14.666666666666666,1.1547005383792515,20.833333333333332,0.5773502691896255,29.0,4.58257569495584,36.0,1.7320508075688772,89.66666666666667,9.237604307034013,56.0,0.0
no_relations,attention,256,attack,0.25,3,190.0,0.5500393081761007,0.012441084309430242,18.0,1.0,14.333333333333334,0.5773502691896258,18.916666666666668,1.282900359861721,27.0,3.605551275463989,33.666666666666664,2.081665999466132,92.33333333333333,4.618802153517004,60.666666666666664,0.5773502691896263
no_relations,attention,256,attack,0.5,3,108.66666666666667,0.6958333333333333,0.007216878364870297,13.0,1.0,11.0,1.0,14.0,0.5,20.0,1.7320508075688772,24.333333333333332,1.5275252316519463,95.0,0.0,72.33333333333333,5.0332229568471645
no_relations,attention,256,investigation,0.1,3,711.6666666666666,0.5347222222222222,0.006014065304058548,10.666666666666666,0.5773502691896258,11.666666666666666,0.5773502691896255,13.666666666666666,0.28867513459481275,16.0,4.358898943540674,22.0,1.7320508075688772,63.0,0.0,40.666666666666664,1.154700538379251
no_relations,attention,256,investigation,0.25,3,621.3333333333334,0.5929415737926377,0.008620940145018904,9.666666666666666,0.5773502691896258,10.666666666666666,0.5773502691896255,12.333333333333334,0.5773502691896258,14.666666666666666,3.2145502536643185,20.333333333333332,1.5275252316519465,63.0,0.0,48.0,0.0
no_relations,attention,256,investigation,0.5,3,392.3333333333333,0.7147156084656086,0.0038375464321135475,8.0,0.0,8.666666666666666,0.5773502691896255,9.833333333333334,0.5773502691896258,10.333333333333334,2.0816659994661326,14.666666666666666,1.1547005383792515,73.66666666666667,9.237604307034012,61.666666666666664,1.154700538379251
no_relations,attention,256,mount,0.1,3,157.0,0.7717366757000903,0.018943201298337386,9.0,1.7320508075688772,13.666666666666666,1.5275252316519468,13.166666666666666,1.0408329997330665,-1.6666666666666667,10.066445913694333,21.0,3.0,89.66666666666667,9.237604307034013,102.0,3.605551275463989
no_relations,attention,256,mount,0.25,3,150.66666666666666,0.7877367424242424,0.0169271329995033,9.333333333333334,1.5275252316519468,12.666666666666666,1.5275252316519468,12.833333333333334,0.7637626158259732,-0.3333333333333333,8.621678104251709,19.666666666666668,2.081665999466132,100.33333333333333,9.237604307034012,100.16666666666667,1.7559422921421233
no_relations,attention,256,mount,0.5,3,131.66666666666666,0.8098310571047757,0.010128969813628366,8.666666666666666,1.1547005383792515,11.0,1.0,11.333333333333334,0.5773502691896255,0.3333333333333333,8.082903768654761,17.0,3.605551275463989,105.66666666666667,9.237604307034013,104.33333333333333,5.131601439446884
no_relations,attention,512,attack,0.1,3,216.0,0.4779832220510187,0.025528392848298394,20.666666666666668,1.5275252316519465,16.666666666666668,2.081665999466133,22.083333333333332,2.7651100038395096,34.333333333333336,5.033222956847166,39.333333333333336,4.509249752822894,105.66666666666667,18.475208614068027,57.0,1.7320508075688772
no_relations,attention,512,attack,0.25,3,185.0,0.5244515395820776,0.019703877432965755,19.333333333333332,1.1547005383792517,15.333333333333334,1.5275252316519468,20.333333333333332,2.753785273643051,31.666666666666668,4.509249752822894,35.5,3.278719262151,105.66666666666667,18.475208614068027,62.833333333333336,3.3291640592396967
no_relations,attention,512,attack,0.5,3,102.33333333333333,0.6859499466206783,0.006290978333805646,14.333333333333334,0.5773502691896258,12.0,1.7320508075688772,15.083333333333334,1.0103629710818451,23.166666666666668,1.6072751268321595,27.333333333333332,1.7559422921421233,100.33333333333333,9.237604307034012,80.33333333333333,4.0722639076235385
no_relations,attention,512,investigation,0.1,3,728.6666666666666,0.4978150406504065,0.0280364887789776,11.666666666666666,2.081665999466133,13.333333333333334,1.5275252316519465,15.0,1.7320508075688772,21.0,5.291502622129181,26.0,3.4641016151377544,68.33333333333333,9.237604307034013,39.166666666666664,1.89296944860009
no_relations,attention,512,investigation,0.25,3,619.3333333333334,0.5628825689801299,0.025155147756549964,10.666666666666666,2.081665999466133,12.0,1.0,13.333333333333334,1.443375672974064,18.333333333333332,4.932882862316248,22.666666666666668,2.886751345948128,68.33333333333333,9.237604307034013,46.333333333333336,3.7859388972001833
no_relations,attention,512,investigation,0.5,3,368.0,0.7125523152541549,0.012745204244848185,9.0,1.0,9.0,1.0,10.166666666666666,1.1547005383792517,13.333333333333334,4.932882862316247,16.333333333333332,3.214550253664319,84.33333333333333,9.237604307034013,63.5,2.179449471770337
no_relations,attention,512,mount,0.1,3,144.33333333333334,0.7554811077212773,0.011525444731960412,8.166666666666666,0.28867513459481314,15.166666666666666,3.3291640592396967,13.666666666666666,0.7637626158259736,-10.0,3.0,22.0,1.5,79.0,0.0,102.66666666666667,1.5275252316519452
no_relations,attention,512,mount,0.25,3,136.0,0.7689739143604314,0.01190053783809279,8.0,0.0,13.666666666666666,2.081665999466133,12.666666666666666,0.8779711460710617,-8.333333333333334,2.309401076758503,20.333333333333332,1.6072751268321595,81.66666666666667,4.618802153517007,99.33333333333333,1.4433756729740665
no_relations,attention,512,mount,0.5,3,118.33333333333333,0.7980334773746519,0.0010310054096523307,7.5,0.5,12.666666666666666,1.1547005383792517,11.333333333333334,0.5773502691896255,-6.166666666666667,1.0408329997330663,17.666666666666668,2.0207259421636903,95.0,0.0,103.16666666666667,1.6072751268321572
no_relations,attention,896,attack,0.1,3,220.66666666666666,0.4859248518813013,0.004146008814603754,19.666666666666668,0.5773502691896263,16.0,0.0,21.25,0.25,32.0,3.968626966596886,37.0,0.5,95.0,0.0,56.166666666666664,0.2886751345948139
no_relations,attention,896,attack,0.25,3,191.33333333333334,0.541438230994152,0.017887607165015133,18.166666666666668,0.28867513459481314,14.833333333333334,0.28867513459481275,19.666666666666668,0.5773502691896255,29.5,4.769696007084728,34.666666666666664,1.5275252316519456,100.33333333333333,9.237604307034012,61.666666666666664,1.1547005383792526
no_relations,attention,896,attack,0.5,3,107.66666666666667,0.6930948573913165,0.005651286635644476,13.0,1.0,12.666666666666666,0.5773502691896255,14.666666666666666,0.5773502691896255,22.0,0.5,25.333333333333332,1.154700538379251,100.33333333333333,9.237604307034012,76.16666666666667,3.6170890690351194
no_relations,attention,896,investigation,0.1,3,722.0,0.5147063873626373,0.03383629772022473,11.333333333333334,2.309401076758503,12.666666666666666,1.1547005383792517,15.0,2.179449471770337,18.666666666666668,8.32666399786453,25.0,5.291502622129181,68.33333333333333,9.237604307034013,39.833333333333336,2.9297326385411586
no_relations,attention,896,investigation,0.25,3,622.6666666666666,0.5701681286549708,0.019555703054492144,11.0,1.7320508075688772,11.666666666666666,1.1547005383792517,13.166666666666666,1.6072751268321595,16.666666666666668,7.371114795831994,22.666666666666668,4.618802153517006,68.33333333333333,9.237604307034013,46.333333333333336,3.7859388972001833
no_relations,attention,896,investigation,0.5,3,379.3333333333333,0.706836861098719,0.003425249956884975,9.166666666666666,1.2583057392117918,9.0,0.0,10.333333333333334,0.5773502691896255,13.0,5.291502622129181,16.333333333333332,3.214550253664319,84.33333333333333,9.237604307034013,61.666666666666664,1.1547005383792526
no_relations,attention,896,mount,0.1,3,157.66666666666666,0.7800925612562609,0.02953095810625129,9.333333333333334,1.1547005383792517,12.0,1.7320508075688772,12.5,1.3228756555322954,-0.16666666666666666,12.065791865158843,20.666666666666668,3.4034296427770223,89.66666666666667,9.237604307034013,102.33333333333333,4.645786621588787
no_relations,attention,896,mount,0.25,3,153.66666666666666,0.7829911763007962,0.027727395982541175,9.666666666666666,1.5275252316519465,12.0,1.7320508075688772,12.25,1.3919410907075054,0.8333333333333334,11.09429282709508,20.5,3.122498999199199,95.0,16.0,100.16666666666667,0.7637626158259714
no_relations,attention,896,mount,0.5,3,133.0,0.8037697692559408,0.021197569064789572,8.833333333333334,1.2583057392117918,11.0,1.3228756555322954,11.166666666666666,1.0408329997330665,1.6666666666666667,9.928914005737655,17.5,2.5,105.66666666666667,9.237604307034013,102.5,1.8027756377319946
no_relations,lstm,256,attack,0.1,3,224.66666666666666,0.5267303719008264,0.02274377511789278,12.666666666666666,0.5773502691896258,13.666666666666666,0.5773502691896258,16.166666666666668,0.28867513459481314,18.666666666666668,2.5166114784235836,27.833333333333332,1.0408329997330663,68.33333333333333,9.237604307034012,54.833333333333336,1.0408329997330668
no_relations,lstm,256,attack,0.25,3,204.33333333333334,0.5649524087024087,0.007064849455234085,11.666666666666666,0.5773502691896258,13.0,0.0,14.833333333333334,0.28867513459481314,17.666666666666668,1.5275252316519472,24.333333333333332,1.5275252316519463,68.33333333333333,9.237604307034012,56.666666666666664,1.154700538379251
no_relations,lstm,256,attack,0.5,3,126.0,0.7104906648451731,0.006594721909509347,8.666666666666666,0.5773502691896255,8.833333333333334,0.28867513459481275,9.5,0.0,14.666666666666666,1.5275252316519465,17.666666666666668,0.5773502691896263,79.0,0.0,59.833333333333336,1.6072751268321601
no_relations,lstm,256,investigation,0.1,3,756.0,0.5289025821596244,0.03483050436165335,10.333333333333334,1.5275252316519465,10.666666666666666,1.1547005383792517,13.333333333333334,1.5275252316519465,14.333333333333334,5.507570547286102,20.666666666666668,3.055050463303893,63.0,0.0,37.833333333333336,3.329164059239697
no_relations,lstm,256,investigation,0.25,3,657.6666666666666,0.5893268486256291,0.028384668264949866,9.666666666666666,1.1547005383792517,9.5,0.8660254037844386,11.916666666666666,1.1814539065631524,12.5,4.769696007084728,18.833333333333332,2.7537852736430515,63.0,0.0,43.666666666666664,3.785938897200182
no_relations,lstm,256,investigation,0.5,3,414.0,0.7100409056316591,0.010107055232569226,8.166666666666666,0.7637626158259736,7.333333333333333,0.5773502691896258,9.0,0.8660254037844386,8.666666666666666,3.0550504633038935,13.166666666666666,1.6072751268321595,68.33333333333333,9.237604307034013,58.333333333333336,0.28867513459481237
no_relations,lstm,256,mount,0.1,3,163.0,0.7773508454996622,0.0046467588728161795,8.666666666666666,1.1547005383792517,12.833333333333334,1.0408329997330665,12.5,0.8660254037844386,1.8333333333333333,3.8188130791298667,19.666666666666668,0.5773502691896263,95.0,0.0,98.16666666666667,6.601767440112789
no_relations,lstm,256,mount,0.25,3,157.33333333333334,0.7852634949483175,0.006216625965990471,8.666666666666666,1.1547005383792517,11.833333333333334,1.0408329997330665,11.916666666666666,0.28867513459481275,2.6666666666666665,3.055050463303893,18.333333333333332,0.28867513459481314,95.0,0.0,96.83333333333333,5.838093296045663
no_relations,lstm,256,mount,0.5,3,137.0,0.8122539370078741,0.0004261936042246646,8.333333333333334,0.5773502691896255,10.833333333333334,0.7637626158259736,11.0,0.5,4.0,2.0,15.333333333333334,0.5773502691896258,105.66666666666667,9.237604307034012,100.83333333333333,3.0138568866708524
no_relations,lstm,512,attack,0.1,3,222.33333333333334,0.540798611111111,0.008371224618917487,12.833333333333334,0.7637626158259736,14.666666666666666,0.5773502691896255,16.75,1.3919410907075054,22.333333333333332,2.081665999466132,29.5,2.29128784747792,79.0,0.0,56.0,0.0
no_relations,lstm,512,attack,0.25,3,202.66666666666666,0.5730770246014149,0.009789067574625934,12.333333333333334,0.5773502691896258,13.666666666666666,0.5773502691896255,15.166666666666666,0.7637626158259732,21.666666666666668,2.3094010767585034,27.0,2.6457513110645907,79.0,0.0,58.0,1.0
no_relations,lstm,512,attack,0.5,3,127.66666666666667,0.6986095399698341,0.009966735864697561,9.333333333333334,0.5773502691896258,11.0,1.0,11.083333333333334,1.0103629710818454,17.666666666666668,2.081665999466133,20.833333333333332,2.5658007197234416,79.0,0.0,65.66666666666667,4.163331998932267
no_relations,lstm,512,investigation,0.1,3,780.6666666666666,0.5212357656005198,0.019773126006606,10.666666666666666,1.1547005383792515,10.666666666666666,0.5773502691896255,14.0,1.0,17.666666666666668,2.081665999466133,22.333333333333332,1.5275252316519463,63.0,0.0,37.0,1.0
no_relations,lstm,512,investigation,0.25,3,674.0,0.5786819282368818,0.009321273929189368,10.0,1.0,9.666666666666666,0.5773502691896255,12.0,0.5,14.666666666666666,1.1547005383792515,19.666666666666668,1.1547005383792517,63.0,0.0,42.0,0.0
no_relations,lstm,512,investigation,0.5,3,418.3333333333333,0.7104166666666667,0.002083333333333326,7.333333333333333,0.5773502691896257,8.0,0.0,8.916666666666666,0.520416499866533,10.5,0.5,14.333333333333334,0.5773502691896258,68.33333333333333,9.237604307034012,59.0,1.0
no_relations,lstm,512,mount,0.1,3,152.66666666666666,0.7615873043198825,0.02768518057343819,8.0,0.0,13.666666666666666,2.081665999466133,12.833333333333334,1.040832999733066,-7.333333333333333,4.509249752822894,20.0,3.605551275463989,79.0,0.0,102.16666666666667,2.4664414311581218
no_relations,lstm,512,mount,0.25,3,145.0,0.7748149232542394,0.02525421618331695,7.666666666666667,0.5773502691896258,12.833333333333334,1.892969448600091,12.25,1.0897247358851685,-6.5,3.774917217635375,18.0,2.6457513110645907,84.33333333333333,9.237604307034012,99.33333333333333,0.7637626158259749
no_relations,lstm,512,mount,0.5,3,124.66666666666667,0.8085613282173273,0.015084813385368252,7.333333333333333,0.5773502691896257,11.666666666666666,1.1547005383792517,11.083333333333334,1.4648663192705786,-4.333333333333333,3.0550504633038935,16.5,2.598076211353316,95.0,0.0,104.0,1.7320508075688772
no_relations,lstm,896,attack,0.1,3,226.33333333333334,0.5392162466122427,0.00452406081983105,13.333333333333334,0.5773502691896258,13.666666666666666,0.5773502691896258,16.25,1.25,21.833333333333332,2.02072594216369,28.833333333333332,2.466441431158123,73.66666666666667,9.237604307034013,55.166666666666664,0.28867513459481237
no_relations,lstm,896,attack,0.25,3,207.33333333333334,0.5696138211382115,0.006402340261707989,12.666666666666666,1.1547005383792515,13.333333333333334,0.5773502691896258,15.0,0.8660254037844386,21.166666666666668,2.362907813126305,27.5,1.8027756377319946,73.66666666666667,9.237604307034013,57.5,0.8660254037844386
no_relations,lstm,896,attack,0.5,3,128.0,0.7075365402571285,0.00855377793548435,9.333333333333334,1.5275252316519468,9.5,0.8660254037844386,10.583333333333334,0.38188130791298686,16.666666666666668,0.5773502691896263,19.833333333333332,1.2583057392117911,76.33333333333333,4.618802153517004,64.83333333333333,6.370504951205462
no_relations,lstm,896,investigation,0.1,3,781.3333333333334,0.5105820105820106,0.009376618306056751,11.5,0.8660254037844386,11.0,0.0,14.5,0.8660254037844386,19.333333333333332,2.886751345948129,24.0,2.0,63.0,0.0,36.666666666666664,1.5275252316519456
no_relations,lstm,896,investigation,0.25,3,660.0,0.5732088622713624,0.009031594138925238,10.666666666666666,1.1547005383792515,10.0,0.0,12.333333333333334,0.5773502691896258,16.333333333333332,2.081665999466133,20.333333333333332,0.5773502691896255,63.0,0.0,43.833333333333336,1.7559422921421242
no_relations,lstm,896,investigation,0.5,3,414.0,0.7062499999999999,0.005412658773652706,8.333333333333334,0.5773502691896258,8.0,0.0,9.333333333333334,0.28867513459481314,11.333333333333334,1.1547005383792515,14.833333333333334,0.28867513459481314,73.66666666666667,9.237604307034013,59.666666666666664,1.5275252316519456
no_relations,lstm,896,mount,0.1,3,153.0,0.7644340978695352,0.025343411287068428,8.166666666666666,0.28867513459481314,14.0,1.7320508075688772,13.5,0.5,-6.333333333333333,2.081665999466133,18.333333333333332,2.2546248764114476,79.0,0.0,101.5,1.8027756377319946
no_relations,lstm,896,mount,0.25,3,145.66666666666666,0.7789480798794495,0.01227294886247014,8.0,0.0,13.166666666666666,1.6072751268321595,12.833333333333334,0.6291528696058956,-4.833333333333333,2.254624876411447,16.666666666666668,1.5275252316519463,92.33333333333333,4.618802153517007,100.33333333333333,2.88675134594813
no_relations,lstm,896,mount,0.5,3,123.66666666666667,0.8135802643444231,0.007156331991992034,7.666666666666667,0.5773502691896257,12.166666666666666,1.6072751268321595,11.0,0.5,-2.6666666666666665,1.2583057392117918,14.333333333333334,1.1547005383792515,97.66666666666667,4.618802153517007,104.83333333333333,2.753785273643051
pose_relations_only,attention,256,attack,0.1,3,223.0,0.5099397451244042,0.01020124693576326,15.0,2.0,12.333333333333334,2.8867513459481287,17.583333333333332,1.808544534517559,18.0,11.789826122551595,29.0,6.244997998398398,73.66666666666667,24.440403706431145,55.166666666666664,0.28867513459481237
pose_relations_only,attention,256,attack,0.25,3,201.0,0.5467899904292045,0.005218606340337958,14.333333333333334,2.5166114784235836,12.0,3.4641016151377544,15.833333333333334,2.0816659994661326,16.833333333333332,10.420332688227058,27.0,6.06217782649107,79.0,16.0,57.833333333333336,2.466441431158123
pose_relations_only,attention,256,attack,0.5,3,117.66666666666667,0.6865438808373591,0.005572131636976752,10.666666666666666,1.5275252316519468,9.0,1.7320508075688772,11.5,2.384848003542364,14.166666666666666,8.578072821638514,19.0,6.557438524302,79.0,16.0,65.16666666666667,7.0059498523279
pose_relations_only,attention,256,investigation,0.1,3,742.6666666666666,0.5888888888888889,0.011474105306846036,8.0,1.0,10.0,0.0,11.166666666666666,0.28867513459481314,8.333333333333334,3.055050463303893,17.666666666666668,1.5275252316519463,57.666666666666664,9.237604307034013,42.0,5.196152422706632
pose_relations_only,attention,256,investigation,0.25,3,665.6666666666666,0.626769365993504,0.014653245525037231,7.666666666666667,0.5773502691896257,9.0,0.0,10.166666666666666,0.28867513459481314,7.0,2.6457513110645907,15.666666666666666,0.5773502691896258,57.666666666666664,9.237604307034013,46.333333333333336,5.773502691896258
pose_relations_only,attention,256,investigation,0.5,3,455.3333333333333,0.7464334354783793,0.0043599256119986884,6.666666666666667,0.5773502691896257,7.0,0.0,7.5,0.0,5.166666666666667,1.2583057392117916,11.0,1.0,63.0,0.0,59.166666666666664,3.4034296427770223
pose_relations_only,attention,256,mount,0.1,3,172.66666666666666,0.8152845966425558,0.015332814228508837,7.333333333333333,1.5275252316519465,9.166666666666666,0.7637626158259733,9.916666666666666,0.8036375634160793,0.6666666666666666,8.098353742170895,14.333333333333334,1.1547005383792517,89.66666666666667,4.618802153517007,95.0,4.8218253804964775
pose_relations_only,attention,256,mount,0.25,3,169.33333333333334,0.8194158013796632,0.012720957392143873,7.5,1.3228756555322954,9.0,1.0,9.833333333333334,0.7637626158259736,0.5,8.231038816577165,14.333333333333334,1.1547005383792517,95.0,0.0,96.5,4.769696007084728
pose_relations_only,attention,256,mount,0.5,3,153.66666666666666,0.8388116888791455,0.009778934772667,7.0,1.0,8.666666666666666,1.5275252316519468,8.916666666666666,0.8036375634160793,0.5,7.794228634059948,13.0,1.0,100.33333333333333,9.237604307034012,102.5,1.3228756555322954
pose_relations_only,attention,512,attack,0.1,3,226.66666666666666,0.5105820105820106,0.015023567052381687,15.833333333333334,1.7559422921421233,14.0,0.0,18.166666666666668,1.5275252316519472,25.0,5.0,31.333333333333332,3.785938897200182,84.33333333333333,9.237604307034012,55.333333333333336,0.5773502691896263
pose_relations_only,attention,512,attack,0.25,3,205.66666666666666,0.5476190476190476,0.013638618139749552,15.0,2.0,13.333333333333334,0.5773502691896258,16.833333333333332,1.2583057392117911,23.333333333333332,4.509249752822893,29.666666666666668,3.5118845842842465,84.33333333333333,9.237604307034012,59.333333333333336,1.5275252316519468
pose_relations_only,attention,512,attack,0.5,3,118.66666666666667,0.6982638888888889,0.01043401333424774,12.333333333333334,1.5275252316519468,10.166666666666666,0.28867513459481275,12.5,1.0,17.0,3.605551275463989,22.666666666666668,2.3094010767585034,89.66666666666667,18.475208614068027,70.33333333333333,5.859465277082315
pose_relations_only,attention,512,investigation,0.1,3,711.0,0.5963322728238368,0.011555221460331283,8.0,0.0,10.0,0.0,11.0,0.5,7.333333333333333,5.686240703077327,17.0,2.6457513110645907,57.666666666666664,9.237604307034013,44.5,6.144102863722254
pose_relations_only,attention,512,investigation,0.25,3,639.3333333333334,0.6354166666666666,0.018042195912175797,8.0,0.0,9.0,0.0,10.0,0.0,6.0,4.358898943540674,15.166666666666666,1.4433756729740645,57.666666666666664,9.237604307034013,49.333333333333336,6.110100926607787
pose_relations_only,attention,512,investigation,0.5,3,441.3333333333333,0.7478632478632479,0.0037009632640360494,7.0,0.0,7.0,0.0,7.5,0.0,4.166666666666667,3.685557397915997,11.666666666666666,0.5773502691896258,63.0,0.0,61.0,3.4641016151377544
pose_relations_only,attention,512,mount,0.1,3,170.0,0.800808997632202,0.021199844234127664,7.666666666666667,1.1547005383792517,9.333333333333334,0.5773502691896255,10.5,0.8660254037844386,0.6666666666666666,9.073771725877467,15.333333333333334,1.1547005383792515,89.66666666666667,9.237604307034013,95.83333333333333,4.645786621588786
pose_relations_only,attention,512,mount,0.25,3,166.33333333333334,0.8058836286452565,0.0188185984774603,8.0,1.0,9.333333333333334,0.5773502691896255,10.083333333333334,0.6291528696058959,1.0,8.0,15.333333333333334,1.1547005383792515,89.66666666666667,9.237604307034013,96.83333333333333,3.329164059239697
pose_relations_only,attention,512,mount,0.5,3,150.33333333333334,0.8347144474344019,0.013640572607312213,7.166666666666667,0.7637626158259734,9.0,0.0,9.333333333333334,1.2583057392117916,1.1666666666666667,8.005206639015219,14.166666666666666,1.0408329997330665,100.33333333333333,9.237604307034012,100.66666666666667,0.7637626158259737
pose_relations_only,attention,896,attack,0.1,3,228.33333333333334,0.5296595042688792,0.004570650447765632,16.166666666666668,1.258305739211792,14.0,1.0,17.916666666666668,1.127312438205724,24.166666666666668,2.9297326385411577,30.666666666666668,2.5166114784235836,84.33333333333333,9.237604307034012,55.833333333333336,0.2886751345948139
pose_relations_only,attention,896,attack,0.25,3,206.66666666666666,0.5569556451612904,0.006368383254873787,15.666666666666666,1.5275252316519465,13.0,1.0,16.75,0.6614378277661477,22.333333333333332,2.309401076758503,28.333333333333332,2.5166114784235827,84.33333333333333,9.237604307034012,59.5,0.0
pose_relations_only,attention,896,attack,0.5,3,126.0,0.6744517543859648,0.02119180287832088,12.0,1.0,10.333333333333334,1.5275252316519465,12.333333333333334,0.7637626158259736,19.166666666666668,1.6072751268321595,23.0,1.0,84.33333333333333,9.237604307034012,68.16666666666667,3.0138568866708537
pose_relations_only,attention,896,investigation,0.1,3,716.0,0.5905891411653731,0.0059381364988839065,8.166666666666666,0.28867513459481314,10.0,0.0,10.666666666666666,0.28867513459481314,7.333333333333333,3.7859388972001824,16.666666666666668,1.5275252316519463,52.333333333333336,9.237604307034012,43.666666666666664,4.618802153517006
pose_relations_only,attention,896,investigation,0.25,3,641.3333333333334,0.6298148148148148,0.008339503888294617,8.0,0.0,9.0,0.0,10.0,0.0,6.333333333333333,3.7859388972001824,15.5,0.8660254037844386,52.333333333333336,9.237604307034012,48.5,4.924428900898052
pose_relations_only,attention,896,investigation,0.5,3,449.3333333333333,0.7426256613756613,0.006733132313915858,7.0,0.0,7.0,0.0,7.583333333333333,0.14433756729740638,4.0,2.6457513110645907,11.333333333333334,0.5773502691896258,63.0,0.0,60.0,2.6457513110645907
pose_relations_only,attention,896,mount,0.1,3,170.66666666666666,0.8055190058479532,0.019402731661997272,8.333333333333334,1.5275252316519468,10.0,1.0,10.833333333333334,1.1547005383792515,1.6666666666666667,11.372481406154654,15.666666666666666,1.5275252316519468,89.66666666666667,9.237604307034013,95.16666666666667,6.006940430313365
pose_relations_only,attention,896,mount,0.25,3,166.66666666666666,0.8121719833880978,0.016829649802020806,8.333333333333334,1.5275252316519468,9.333333333333334,0.5773502691896255,10.583333333333334,1.181453906563152,2.3333333333333335,10.263202878893768,15.333333333333334,1.5275252316519465,89.66666666666667,9.237604307034013,96.33333333333333,4.72581562625261
pose_relations_only,attention,896,mount,0.5,3,148.0,0.8395544250946793,0.00993763189331658,7.666666666666667,1.1547005383792517,9.0,1.0,9.333333333333334,1.2583057392117916,2.6666666666666665,8.736894948054106,13.666666666666666,1.5275252316519468,97.66666666666667,12.220201853215574,100.83333333333333,1.0408329997330659
pose_relations_only,lstm,256,attack,0.1,3,225.33333333333334,0.520740745881632,0.029882731557682198,13.666666666666666,2.0816659994661326,11.666666666666666,2.254624876411447,17.416666666666668,2.155419526062927,16.5,7.794228634059948,26.666666666666668,5.575242894559244,68.33333333333333,9.237604307034012,55.0,0.8660254037844386
pose_relations_only,lstm,256,attack,0.25,3,206.0,0.5503764558801872,0.026756296953575807,13.0,2.6457513110645907,10.0,2.6457513110645907,15.5,2.179449471770337,15.666666666666666,7.234178138070234,24.833333333333332,7.112196097783956,68.33333333333333,9.237604307034012,57.5,1.8027756377319946
pose_relations_only,lstm,256,attack,0.5,3,121.66666666666667,0.7032361213763654,0.021664987472524058,9.833333333333334,1.8929694486000914,7.0,1.0,10.416666666666666,1.8427786989579984,13.166666666666666,5.057996968497839,17.333333333333332,4.932882862316247,81.66666666666667,4.618802153517007,64.5,2.29128784747792
pose_relations_only,lstm,256,investigation,0.1,3,715.0,0.5772669706180344,0.018394721949966313,8.0,0.0,10.333333333333334,0.5773502691896258,11.166666666666666,0.5773502691896258,5.333333333333333,2.5166114784235836,16.333333333333332,1.1547005383792517,47.0,0.0,44.5,4.444097208657794
pose_relations_only,lstm,256,investigation,0.25,3,637.0,0.6251166355206683,0.01849537193223664,7.666666666666667,0.5773502691896257,9.0,0.0,10.0,0.5,4.666666666666667,2.516611478423583,15.0,1.0,63.0,0.0,49.166666666666664,4.48144321991625
pose_relations_only,lstm,256,investigation,0.5,3,437.3333333333333,0.7472935043159762,0.00959282993254115,6.0,1.0,7.166666666666667,0.2886751345948129,7.5,0.5,2.8333333333333335,2.4664414311581235,11.333333333333334,0.5773502691896258,63.0,0.0,61.166666666666664,2.362907813126303
pose_relations_only,lstm,256,mount,0.1,3,167.0,0.790547711332595,0.02493559380815852,7.666666666666667,0.5773502691896258,11.666666666666666,3.0550504633038935,12.0,0.5,-2.3333333333333335,7.505553499465136,15.0,1.0,89.66666666666667,9.237604307034013,98.16666666666667,2.7537852736430493
pose_relations_only,lstm,256,mount,0.25,3,161.66666666666666,0.8035968660968661,0.022716080523812434,7.666666666666667,0.5773502691896258,11.666666666666666,3.0550504633038935,12.0,0.5,-2.6666666666666665,7.234178138070234,14.333333333333334,1.5275252316519465,89.66666666666667,9.237604307034013,99.66666666666667,2.081665999466131
pose_relations_only,lstm,256,mount,0.5,3,144.33333333333334,0.8240566152869818,0.013469862452196057,7.333333333333333,0.5773502691896257,11.5,2.7838821814150108,10.916666666666666,0.629152869605896,-1.6666666666666667,6.788470618138767,13.333333333333334,1.5275252316519465,100.33333333333333,9.237604307034012,105.83333333333333,1.4433756729740634
pose_relations_only,lstm,512,attack,0.1,3,224.0,0.5150489631336406,0.014539048121385652,14.333333333333334,1.5275252316519468,13.0,1.7320508075688772,17.416666666666668,1.010362971081845,19.666666666666668,6.658328118479393,28.666666666666668,3.511884584284246,79.0,16.0,55.166666666666664,0.28867513459481237
pose_relations_only,lstm,512,attack,0.25,3,203.33333333333334,0.5501861397479954,0.010922681673709408,13.666666666666666,2.0816659994661326,12.0,1.7320508075688772,15.833333333333334,1.607275126832159,18.166666666666668,5.838093296045665,26.333333333333332,5.033222956847167,68.33333333333333,9.237604307034012,58.666666666666664,0.5773502691896263
pose_relations_only,lstm,512,attack,0.5,3,119.66666666666667,0.6909524616079494,0.007055847285455385,10.166666666666666,1.607275126832159,8.166666666666666,1.755942292142123,11.333333333333334,1.8929694486000914,14.666666666666666,3.055050463303893,19.333333333333332,4.163331998932265,84.33333333333333,9.237604307034012,66.0,3.5
pose_relations_only,lstm,512,investigation,0.1,3,738.3333333333334,0.5640381373788453,0.012347265624411081,8.166666666666666,0.28867513459481275,10.333333333333334,0.5773502691896255,11.666666666666666,0.28867513459481314,8.0,2.0,17.833333333333332,1.0408329997330668,52.333333333333336,9.237604307034012,42.0,3.0
pose_relations_only,lstm,512,investigation,0.25,3,657.0,0.6096736596736597,0.008423114902170058,8.0,0.0,9.333333333333334,0.5773502691896255,10.5,0.0,7.0,2.0,16.0,0.0,63.0,0.0,47.0,4.0
pose_relations_only,lstm,512,investigation,0.5,3,435.0,0.7383592017738358,0.009601168556368502,7.0,0.0,7.333333333333333,0.5773502691896258,7.833333333333333,0.2886751345948129,5.333333333333333,1.5275252316519468,12.333333333333334,1.1547005383792515,73.66666666666667,9.237604307034013,63.0,2.6457513110645907
pose_relations_only,lstm,512,mount,0.1,3,164.33333333333334,0.7768057239065947,0.00864796959880708,8.0,0.0,14.333333333333334,2.516611478423583,13.5,0.8660254037844386,-4.0,5.0,15.166666666666666,0.28867513459481314,87.0,8.0,99.16666666666667,3.0138568866708524
pose_relations_only,lstm,512,mount,0.25,3,158.0,0.785395257291016,0.007064042639548315,8.0,0.0,13.833333333333334,1.7559422921421228,13.0,0.8660254037844386,-4.666666666666667,4.509249752822894,14.833333333333334,0.7637626158259732,95.0,0.0,101.83333333333333,3.5472994422987942
pose_relations_only,lstm,512,mount,0.5,3,140.66666666666666,0.8127850614638427,0.0033252189284468906,7.5,0.5,13.0,2.0,12.166666666666666,0.5773502691896258,-5.0,4.0,14.0,0.0,95.0,0.0,108.83333333333333,3.403429642777021
pose_relations_only,lstm,896,attack,0.1,3,222.66666666666666,0.5160375783121429,0.02841077121982251,14.166666666666666,2.254624876411447,13.333333333333334,1.0408329997330665,17.833333333333332,0.7637626158259737,19.5,5.766281297335398,29.0,2.6457513110645907,73.66666666666667,9.237604307034013,55.333333333333336,1.5275252316519474
pose_relations_only,lstm,896,attack,0.25,3,200.66666666666666,0.5530884502923977,0.02872976159589258,13.666666666666666,2.0816659994661326,12.333333333333334,1.5275252316519468,16.666666666666668,0.28867513459481237,18.5,6.0,26.833333333333332,2.362907813126304,73.66666666666667,9.237604307034013,58.666666666666664,3.7527767497325666
pose_relations_only,lstm,896,attack,0.5,3,119.66666666666667,0.6954422109752992,0.011759963251372772,10.0,1.7320508075688772,8.666666666666666,1.5275252316519465,11.166666666666666,1.1547005383792515,14.666666666666666,4.509249752822894,19.166666666666668,4.010403138505322,84.33333333333333,9.237604307034012,66.0,5.678908345800274
pose_relations_only,lstm,896,investigation,0.1,3,716.6666666666666,0.5648148148148148,0.024388087390862834,9.0,1.0,10.666666666666666,0.5773502691896258,11.833333333333334,1.1547005383792515,8.0,5.196152422706632,17.666666666666668,2.5166114784235827,57.666666666666664,9.237604307034013,44.333333333333336,5.507570547286103
pose_relations_only,lstm,896,investigation,0.25,3,635.6666666666666,0.6140360281062863,0.017264724525960517,8.333333333333334,1.1547005383792515,9.666666666666666,0.5773502691896258,10.5,0.8660254037844386,6.666666666666667,3.785938897200183,15.833333333333334,1.7559422921421228,57.666666666666664,9.237604307034013,48.166666666666664,4.072263907623538
pose_relations_only,lstm,896,investigation,0.5,3,427.3333333333333,0.7375980809226697,0.016592328857102337,7.0,1.0,7.666666666666667,0.5773502691896257,8.166666666666666,1.0408329997330665,5.0,2.6457513110645907,12.0,1.0,65.66666666666667,4.618802153517007,62.333333333333336,2.3094010767585034
pose_relations_only,lstm,896,mount,0.1,3,170.33333333333334,0.8004125766309876,0.01764779975611713,8.333333333333334,1.1547005383792515,10.5,0.8660254037844386,11.416666666666666,1.233220715579062,2.0,1.8027756377319946,14.0,1.0,95.0,0.0,98.0,0.0
pose_relations_only,lstm,896,mount,0.25,3,166.33333333333334,0.8036910909682863,0.015799505006478146,8.333333333333334,1.1547005383792515,10.166666666666666,1.0408329997330665,11.333333333333334,1.1547005383792515,1.6666666666666667,2.0816659994661326,14.0,1.0,95.0,0.0,99.33333333333333,1.0408329997330683
pose_relations_only,lstm,896,mount,0.5,3,148.66666666666666,0.826491450122138,0.009133396073265763,8.0,1.0,10.0,1.0,10.666666666666666,1.0408329997330665,1.3333333333333333,1.8929694486000912,12.5,1.5,100.33333333333333,4.618802153517007,106.33333333333333,4.645786621588787
visual_only,attention,256,attack,0.1,3,214.0,0.48226652901449646,0.003784262090009758,19.666666666666668,1.5275252316519465,14.333333333333334,0.5773502691896258,21.916666666666668,0.8036375634160794,28.0,4.0,38.666666666666664,2.0816659994661326,89.66666666666667,9.237604307034013,57.166666666666664,1.0408329997330668
visual_only,attention,256,attack,0.25,3,184.33333333333334,0.5314566137989147,0.009769293349029224,18.0,1.0,13.666666666666666,0.5773502691896258,20.5,0.8660254037844386,24.666666666666668,3.0550504633038935,34.5,2.179449471770337,95.0,0.0,62.333333333333336,1.5275252316519456
visual_only,attention,256,attack,0.5,3,102.66666666666667,0.6859756097560976,0.0013201606765006217,12.5,0.8660254037844386,9.833333333333334,0.28867513459481314,13.916666666666666,0.14433756729740657,18.833333333333332,1.6072751268321586,23.5,0.5,95.0,0.0,69.5,3.122498999199199
visual_only,attention,256,investigation,0.1,3,718.3333333333334,0.5050505050505051,0.008747731351357943,11.333333333333334,1.1547005383792515,13.333333333333334,0.5773502691896258,15.333333333333334,1.1547005383792515,19.666666666666668,4.163331998932265,25.0,1.7320508075688772,63.0,0.0,39.666666666666664,0.5773502691896263
visual_only,attention,256,investigation,0.25,3,611.3333333333334,0.5717059576023392,0.01584413422953308,10.833333333333334,0.7637626158259733,12.0,0.0,13.5,0.5,16.666666666666668,2.516611478423583,22.666666666666668,1.5275252316519465,63.0,0.0,49.0,2.29128784747792
visual_only,attention,256,investigation,0.5,3,370.6666666666667,0.7104580468551056,0.0028989405472008407,8.666666666666666,0.5773502691896258,9.0,0.0,10.583333333333334,0.3818813079129864,11.333333333333334,2.0816659994661326,15.833333333333334,0.7637626158259733,79.0,0.0,64.5,0.8660254037844386
visual_only,attention,256,mount,0.1,3,158.66666666666666,0.772250299319935,0.009027702051134321,9.5,1.8027756377319946,13.666666666666666,2.5166114784235836,12.833333333333334,0.7637626158259733,-0.6666666666666666,8.736894948054104,19.666666666666668,1.5275252316519472,89.66666666666667,9.237604307034012,101.66666666666667,3.511884584284246
visual_only,attention,256,mount,0.25,3,150.66666666666666,0.7836376962830451,0.009595666353953149,9.666666666666666,2.0816659994661326,13.0,2.0,12.416666666666666,0.5204164998665332,0.5,8.351646544245034,19.0,2.6457513110645907,100.33333333333333,4.618802153517007,100.16666666666667,1.8929694486000905
visual_only,attention,256,mount,0.5,3,134.66666666666666,0.8070511664261665,0.007604769181435376,9.0,1.7320508075688772,12.0,1.7320508075688772,11.666666666666666,0.28867513459481275,0.3333333333333333,7.910962857537212,16.666666666666668,1.5275252316519472,113.66666666666667,4.618802153517004,102.83333333333333,2.020725942163691
visual_only,attention,512,attack,0.1,3,217.66666666666666,0.47100694444444446,0.025939033868077267,19.5,3.122498999199199,15.333333333333334,3.2145502536643185,22.666666666666668,3.3291640592396967,26.333333333333332,6.7144123594945615,36.333333333333336,4.310839052125854,89.66666666666667,18.475208614068027,56.5,0.5
visual_only,attention,512,attack,0.25,3,186.66666666666666,0.523472167876759,0.028713538114580453,18.166666666666668,2.8431203515386634,14.0,2.0,19.583333333333332,1.626601774661928,24.5,4.8218253804964775,31.833333333333332,3.3291640592396963,87.0,13.856406460551018,62.666666666666664,3.3291640592396967
visual_only,attention,512,attack,0.5,3,101.0,0.6888434651391968,0.008346348526718903,12.666666666666666,1.1547005383792515,9.333333333333334,0.5773502691896258,13.25,1.5612494995995996,19.333333333333332,2.254624876411447,23.333333333333332,2.516611478423583,89.66666666666667,9.237604307034012,70.33333333333333,6.506407098647712
visual_only,attention,512,investigation,0.1,3,710.6666666666666,0.5063873530358626,0.0218400643251861,11.333333333333334,1.1547005383792515,13.0,1.0,15.416666666666666,1.6266017746619281,19.666666666666668,7.505553499465135,26.0,3.605551275463989,68.33333333333333,9.237604307034013,41.0,3.0
visual_only,attention,512,investigation,0.25,3,607.6666666666666,0.5751488095238095,0.021730776587068783,10.666666666666666,1.5275252316519468,11.666666666666666,1.1547005383792517,13.666666666666666,1.2583057392117918,17.0,6.557438524302,23.333333333333332,2.5166114784235836,68.33333333333333,9.237604307034013,50.333333333333336,2.88675134594813
visual_only,attention,512,investigation,0.5,3,370.3333333333333,0.7147578983516484,0.0037782041468074723,8.666666666666666,0.5773502691896258,8.333333333333334,0.5773502691896255,10.416666666666666,0.9464847243000458,11.666666666666666,4.041451884327381,16.0,2.6457513110645907,79.0,0.0,64.16666666666667,1.0408329997330659
visual_only,attention,512,mount,0.1,3,148.33333333333334,0.7546558163549557,0.010857097445149651,8.333333333333334,1.5275252316519468,14.0,1.0,13.5,1.0,-6.0,7.365459931328117,22.0,2.0,84.33333333333333,9.237604307034012,101.0,1.3228756555322954
visual_only,attention,512,mount,0.25,3,141.33333333333334,0.7688842473807478,0.011497737348094202,8.333333333333334,1.5275252316519468,13.5,0.8660254037844386,13.0,0.8660254037844386,-5.0,6.244997998398398,20.833333333333332,1.7559422921421235,92.33333333333333,12.220201853215572,98.83333333333333,0.5773502691896247
visual_only,attention,512,mount,0.5,3,124.33333333333333,0.800926227931825,0.0053762303100578215,8.0,1.0,12.333333333333334,1.1547005383792515,11.833333333333334,0.28867513459481275,-4.333333333333333,5.507570547286102,19.0,1.7320508075688772,103.0,8.0,100.16666666666667,2.254624876411447
visual_only,attention,896,attack,0.1,3,217.66666666666666,0.47277462121212116,0.014281279480923888,20.0,1.7320508075688772,15.333333333333334,0.5773502691896258,22.833333333333332,1.0408329997330663,27.333333333333332,3.055050463303893,39.0,2.0,89.66666666666667,9.237604307034013,57.333333333333336,0.5773502691896247
visual_only,attention,896,attack,0.25,3,184.0,0.5293560606060607,0.016119360350898865,18.0,1.0,14.0,0.0,20.166666666666668,1.443375672974064,24.166666666666668,1.7559422921421235,33.833333333333336,1.8929694486000919,89.66666666666667,9.237604307034013,62.0,1.7320508075688772
visual_only,attention,896,attack,0.5,3,101.66666666666667,0.6911549000644746,0.009454755727328007,12.666666666666666,0.5773502691896255,9.666666666666666,0.5773502691896258,14.0,0.4330127018922193,19.5,1.3228756555322954,24.0,0.0,95.0,0.0,70.83333333333333,5.61990510002912
visual_only,attention,896,investigation,0.1,3,715.6666666666666,0.5035967230230017,0.016570310953204805,11.333333333333334,1.5275252316519465,13.0,1.0,15.166666666666666,1.6072751268321595,18.0,5.291502622129181,24.0,2.6457513110645907,63.0,0.0,40.333333333333336,2.0816659994661335
visual_only,attention,896,investigation,0.25,3,613.0,0.561944102353585,0.009774281040769234,10.666666666666666,1.1547005383792517,12.0,0.0,13.333333333333334,1.443375672974064,15.833333333333334,4.536885862938733,21.5,3.0413812651491097,65.66666666666667,4.618802153517004,48.166666666666664,2.466441431158123
visual_only,attention,896,investigation,0.5,3,367.3333333333333,0.7048848997218563,0.008080623628707156,9.0,1.0,9.0,0.0,10.666666666666666,0.7637626158259736,11.333333333333334,2.516611478423583,15.333333333333334,0.5773502691896255,79.0,0.0,64.0,0.0
visual_only,attention,896,mount,0.1,3,163.0,0.7735419053073693,0.003715617346439099,10.0,1.0,12.666666666666666,1.5275252316519468,12.333333333333334,0.28867513459481275,3.1666666666666665,6.788470618138767,19.333333333333332,1.154700538379251,100.33333333333333,9.237604307034012,99.5,2.179449471770337
visual_only,attention,896,mount,0.25,3,157.0,0.7823631203440904,0.0091265807197143,9.833333333333334,1.7559422921421233,11.666666666666666,1.1547005383792517,11.833333333333334,0.28867513459481275,4.5,5.678908345800274,18.666666666666668,1.1547005383792517,100.33333333333333,9.237604307034012,99.5,2.29128784747792
visual_only,attention,896,mount,0.5,3,138.66666666666666,0.8063274780297625,0.010529813046741837,9.666666666666666,1.5275252316519465,10.833333333333334,0.7637626158259732,10.833333333333334,0.28867513459481275,4.166666666666667,5.107184482014854,16.333333333333332,1.5275252316519463,111.0,0.0,102.33333333333333,1.5275252316519485
visual_only,lstm,256,attack,0.1,3,212.0,0.4877814026251526,0.02350356896123645,14.166666666666666,0.7637626158259732,16.666666666666668,2.886751345948129,22.083333333333332,2.3760962382305415,22.0,2.6457513110645907,37.833333333333336,5.507570547286103,79.0,0.0,55.666666666666664,0.5773502691896247
visual_only,lstm,256,attack,0.25,3,182.66666666666666,0.5383265941334222,0.010009588082692335,12.666666666666666,0.5773502691896255,14.666666666666666,2.0816659994661326,19.333333333333332,2.362907813126304,19.166666666666668,2.0207259421636907,30.666666666666668,3.214550253664319,79.0,0.0,58.666666666666664,2.081665999466132
visual_only,lstm,256,attack,0.5,3,105.0,0.6909722222222222,0.013871516913498685,10.0,1.0,9.333333333333334,0.5773502691896258,11.0,0.8660254037844386,13.666666666666666,0.5773502691896255,18.666666666666668,1.5275252316519465,79.0,0.0,60.666666666666664,3.0550504633038926
visual_only,lstm,256,investigation,0.1,3,727.3333333333334,0.5092708333333333,0.010079437091590657,11.666666666666666,1.5275252316519465,11.333333333333334,0.5773502691896255,14.5,0.5,15.666666666666666,3.511884584284246,23.333333333333332,1.5275252316519463,63.0,0.0,39.333333333333336,2.081665999466132
visual_only,lstm,256,investigation,0.25,3,626.0,0.5697378716744914,0.01178223905933334,11.333333333333334,1.1547005383792517,9.666666666666666,0.5773502691896258,13.083333333333334,0.14433756729740657,13.666666666666666,2.516611478423583,21.333333333333332,0.5773502691896255,63.0,0.0,46.0,1.7320508075688772
visual_only,lstm,256,investigation,0.5,3,384.0,0.699323430516907,0.0038177529095691737,9.666666666666666,1.5275252316519465,7.666666666666667,0.5773502691896257,10.0,0.5,10.666666666666666,2.309401076758503,15.666666666666666,0.5773502691896255,68.33333333333333,9.237604307034012,60.0,1.0
visual_only,lstm,256,mount,0.1,3,163.33333333333334,0.7788905762696086,0.013764803490383145,8.333333333333334,0.5773502691896255,11.833333333333334,1.040832999733066,11.916666666666666,0.8779711460710617,2.5,1.3228756555322954,17.333333333333332,1.1547005383792517,87.0,8.0,99.0,0.8660254037844386
visual_only,lstm,256,mount,0.25,3,159.66666666666666,0.7833052242546588,0.01603087076529305,8.333333333333334,0.5773502691896255,11.5,0.8660254037844386,11.583333333333334,1.010362971081845,2.6666666666666665,1.1547005383792515,16.666666666666668,1.5275252316519465,95.0,0.0,98.5,1.5
visual_only,lstm,256,mount,0.5,3,139.66666666666666,0.8121999765835382,0.009970017794933455,8.0,0.0,10.833333333333334,0.28867513459481275,10.833333333333334,0.5773502691896255,2.6666666666666665,1.1547005383792515,15.333333333333334,0.5773502691896258,100.33333333333333,9.237604307034012,101.16666666666667,1.8929694486000932
visual_only,lstm,512,attack,0.1,3,210.0,0.47744409214337846,0.024758624955592265,14.0,1.7320508075688772,15.333333333333334,2.3094010767585034,19.75,2.4109126902482387,15.833333333333334,7.005949852327901,31.833333333333332,5.392896562454479,68.33333333333333,9.237604307034012,56.0,1.7320508075688772
visual_only,lstm,512,attack,0.25,3,181.66666666666666,0.5374936945117029,0.0097196178786773,12.166666666666666,1.8929694486000914,13.0,1.0,16.916666666666668,2.45373864405591,14.666666666666666,6.171169527191206,27.166666666666668,3.3291640592396967,68.33333333333333,9.237604307034012,58.333333333333336,2.5166114784235836
visual_only,lstm,512,attack,0.5,3,104.33333333333333,0.6932763368144723,0.030141031447591518,9.333333333333334,1.5275252316519468,8.666666666666666,0.5773502691896255,10.25,1.75,10.833333333333334,4.481443219916251,18.5,3.5,73.66666666666667,9.237604307034012,60.5,5.678908345800274
visual_only,lstm,512,investigation,0.1,3,732.0,0.5196104858403245,0.006617875500074689,11.333333333333334,0.5773502691896255,11.0,0.0,14.166666666666666,0.28867513459481314,16.333333333333332,3.0550504633038935,23.666666666666668,1.5275252316519463,63.0,0.0,39.333333333333336,2.0816659994661326
visual_only,lstm,512,investigation,0.25,3,628.3333333333334,0.5838641163092918,0.008064549061195888,10.333333333333334,0.5773502691896255,9.666666666666666,0.5773502691896258,12.5,0.5,13.833333333333334,2.565800719723442,20.833333333333332,1.0408329997330668,63.0,0.0,46.333333333333336,2.466441431158123
visual_only,lstm,512,investigation,0.5,3,392.6666666666667,0.7076148276474769,0.006104004630607721,8.333333333333334,0.5773502691896255,7.666666666666667,0.5773502691896257,9.5,1.0,9.666666666666666,0.5773502691896258,14.5,0.5,68.33333333333333,9.237604307034013,59.5,2.5
visual_only,lstm,512,mount,0.1,3,155.66666666666666,0.7683691756272402,0.004268046344815811,8.333333333333334,0.5773502691896255,14.333333333333334,0.5773502691896255,13.0,0.5,-3.0,2.0,19.0,1.0,84.33333333333333,9.237604307034012,101.33333333333333,0.5773502691896247
visual_only,lstm,512,mount,0.25,3,149.0,0.7786283612229327,0.001959017578170951,8.333333333333334,0.5773502691896255,13.166666666666666,1.2583057392117918,12.5,0.6614378277661477,-1.5,0.8660254037844386,18.5,0.5,95.0,0.0,100.66666666666667,0.7637626158259737
visual_only,lstm,512,mount,0.5,3,128.0,0.8107808730348101,0.0023672756088135762,7.333333333333333,0.5773502691896258,12.166666666666666,1.0408329997330665,11.25,0.25,0.6666666666666666,0.5773502691896258,16.166666666666668,1.258305739211792,105.66666666666667,9.237604307034012,105.16666666666667,4.645786621588786
visual_only,lstm,896,attack,0.1,3,207.66666666666666,0.4728672947422947,0.017274225906927555,15.5,1.3228756555322954,18.0,2.6457513110645907,23.833333333333332,2.753785273643051,26.0,3.0,40.333333333333336,5.484827557301445,84.33333333333333,9.237604307034012,56.333333333333336,0.28867513459481237
visual_only,lstm,896,attack,0.25,3,176.66666666666666,0.5276675820460057,0.00965757791916209,13.666666666666666,0.5773502691896255,16.0,2.0,20.0,2.598076211353316,22.666666666666668,1.5275252316519472,34.833333333333336,5.795112883571237,84.33333333333333,9.237604307034012,60.833333333333336,3.3291640592396967
visual_only,lstm,896,attack,0.5,3,97.66666666666667,0.6947420634920635,0.021761495559002232,10.166666666666666,2.362907813126304,8.666666666666666,1.1547005383792515,11.583333333333334,0.9464847243000458,15.5,1.8027756377319946,21.166666666666668,2.362907813126305,81.66666666666667,4.618802153517007,62.333333333333336,3.214550253664319
visual_only,lstm,896,investigation,0.1,3,731.0,0.5004340277777778,0.0007517581630072665,12.666666666666666,0.5773502691896258,11.666666666666666,1.1547005383792515,14.916666666666666,1.3768926368215253,18.333333333333332,4.163331998932265,24.0,2.6457513110645907,63.0,0.0,38.833333333333336,1.0408329997330668
visual_only,lstm,896,investigation,0.25,3,620.6666666666666,0.5615658910310927,0.0027413819734951965,11.666666666666666,0.5773502691896258,10.0,1.0,13.333333333333334,1.0408329997330665,16.0,4.58257569495584,21.666666666666668,3.0550504633038935,63.0,0.0,45.0,1.7320508075688772
visual_only,lstm,896,investigation,0.5,3,381.6666666666667,0.6985777390337847,0.006375578226165625,10.333333333333334,1.1547005383792515,8.0,1.0,10.166666666666666,0.7637626158259733,12.333333333333334,2.5166114784235836,16.5,2.179449471770337,68.33333333333333,9.237604307034012,60.333333333333336,1.1547005383792526
visual_only,lstm,896,mount,0.1,3,160.0,0.7734176693439162,0.006223402275091215,9.0,1.0,12.166666666666666,1.0408329997330665,12.0,0.5,0.3333333333333333,6.3508529610858835,17.666666666666668,1.5275252316519472,95.0,0.0,98.83333333333333,0.2886751345948108
visual_only,lstm,896,mount,0.25,3,156.66666666666666,0.7789039768622908,0.004143993529257418,9.0,1.0,11.833333333333334,0.7637626158259733,11.833333333333334,0.28867513459481275,0.5,6.06217782649107,17.5,1.3228756555322954,95.0,0.0,98.5,0.5
visual_only,lstm,896,mount,0.5,3,136.66666666666666,0.8096136194440214,0.002501284964646188,8.333333333333334,1.1547005383792515,10.666666666666666,0.5773502691896258,10.666666666666666,0.28867513459481314,1.3333333333333333,4.618802153517007,15.666666666666666,1.1547005383792515,100.33333333333333,9.237604307034013,102.16666666666667,2.5658007197234403
