model_name,stream,head,capacity,seed,mean_bout_macro_f1_iou25_present_behaviors_raw_windows,mean_bout_macro_f1_iou25_present_behaviors_smoothed_frames,mean_frame_macro_f1_present_behaviors_raw_windows,mean_frame_macro_f1_present_behaviors_smoothed_frames,pred_bouts_total_raw_windows,pred_bouts_total_smoothed_frames,delta_mean_frame_macro_f1_present_behaviors_smoothed_minus_raw,delta_mean_bout_macro_f1_iou25_present_behaviors_smoothed_minus_raw,delta_pred_bouts_total_smoothed_minus_raw
yolo_sppf_animal_visual_only_attention256_seed42,animal_visual_only,attention,256,42,0.5760252869693526,0.5758133054416537,0.6764863570218068,0.6764464812625145,1562.0,1566.0,-3.9875759292318236e-05,-0.00021198152769896783,4.0
yolo_sppf_animal_visual_only_attention256_seed43,animal_visual_only,attention,256,43,0.5826840508595558,0.5824483594328279,0.6803691009209523,0.6803262948617345,1502.0,1506.0,-4.280605921780367e-05,-0.0002356914267278576,4.0
yolo_sppf_animal_visual_only_attention256_seed44,animal_visual_only,attention,256,44,0.5831312923639007,0.5829377189995956,0.683273870475,0.6832330929534948,1579.0,1582.0,-4.077752150521974e-05,-0.00019357336430514405,3.0
yolo_sppf_animal_visual_only_attention512_seed42,animal_visual_only,attention,512,42,0.5411097054754603,0.5408099201900163,0.6655300130890208,0.6654954347813848,1630.0,1632.0,-3.457830763597958e-05,-0.00029978528544405414,2.0
yolo_sppf_animal_visual_only_attention512_seed43,animal_visual_only,attention,512,43,0.5847895746003848,0.5845500465547343,0.6828241446674249,0.6827803567341132,1578.0,1582.0,-4.378793331172304e-05,-0.00023952804565052777,4.0
yolo_sppf_animal_visual_only_attention512_seed44,animal_visual_only,attention,512,44,0.5762289115405129,0.576044341588501,0.6790303196684774,0.6789900437905837,1655.0,1658.0,-4.02758778936807e-05,-0.00018456995201188153,3.0
yolo_sppf_animal_visual_only_attention896_seed42,animal_visual_only,attention,896,42,0.56071477250135,0.5605041473419915,0.6757390969642606,0.6757016370338735,1559.0,1563.0,-3.7459930387062634e-05,-0.0002106251593585462,4.0
yolo_sppf_animal_visual_only_attention896_seed43,animal_visual_only,attention,896,43,0.5831059740542016,0.5829124006898966,0.6829734728422089,0.6829322645382181,1557.0,1560.0,-4.1208303990791784e-05,-0.00019357336430503302,3.0
yolo_sppf_animal_visual_only_attention896_seed44,animal_visual_only,attention,896,44,0.5783914613306832,0.5781930486322705,0.6663698636042261,0.666326305901072,1630.0,1633.0,-4.355770315411789e-05,-0.0001984126984126977,3.0
yolo_sppf_animal_visual_only_lstm256_seed42,animal_visual_only,lstm,256,42,0.5307919895336322,0.5305582682781255,0.6110932384342159,0.611050703088018,1750.0,1754.0,-4.253534619791388e-05,-0.00023372125550669143,4.0
yolo_sppf_animal_visual_only_lstm256_seed43,animal_visual_only,lstm,256,43,0.5793534956554557,0.5791551303211365,0.6537297116116579,0.6536878657620229,1593.0,1597.0,-4.184584963506932e-05,-0.0001983653343191616,4.0
yolo_sppf_animal_visual_only_lstm256_seed44,animal_visual_only,lstm,256,44,0.5624645591929435,0.562236655609308,0.6484503487499619,0.6484089272516734,1567.0,1571.0,-4.1421498288451986e-05,-0.00022790358363544705,4.0
yolo_sppf_animal_visual_only_lstm512_seed42,animal_visual_only,lstm,512,42,0.5472615610439913,0.5471091529968464,0.6336145819035547,0.6335733008501702,1595.0,1598.0,-4.128105338452315e-05,-0.00015240804714489187,3.0
yolo_sppf_animal_visual_only_lstm512_seed43,animal_visual_only,lstm,512,43,0.5395151207049113,0.5393357522665326,0.6155751494752142,0.6155357140866575,1446.0,1450.0,-3.94353885566634e-05,-0.00017936843837862426,4.0
yolo_sppf_animal_visual_only_lstm512_seed44,animal_visual_only,lstm,512,44,0.5637233454509057,0.5635512229285801,0.6513981148569238,0.6513591044064689,1778.0,1782.0,-3.901045045484608e-05,-0.00017212252232567948,4.0
yolo_sppf_animal_visual_only_lstm896_seed42,animal_visual_only,lstm,896,42,0.559996305815708,0.5598033453649339,0.6510798287218156,0.6510421074754322,1688.0,1692.0,-3.772124638334873e-05,-0.0001929604507741045,4.0
yolo_sppf_animal_visual_only_lstm896_seed43,animal_visual_only,lstm,896,43,0.5194818854870341,0.5192805229849591,0.6051846223675813,0.6051448632703531,1666.0,1670.0,-3.975909722819804e-05,-0.00020136250207503092,4.0
yolo_sppf_animal_visual_only_lstm896_seed44,animal_visual_only,lstm,896,44,0.5568502457797531,0.5566868302183546,0.6513748527816651,0.651334412536621,1741.0,1745.0,-4.0440245044015555e-05,-0.00016341556139842783,4.0
yolo_sppf_full_attention256_seed42,full,attention,256,42,0.6908838341149774,0.6905859231369221,0.7575490516310761,0.7574996495656833,1358.0,1362.0,-4.940206539283398e-05,-0.00029791097805531574,4.0
yolo_sppf_full_attention256_seed43,full,attention,256,43,0.6686183406753141,0.6683549697442859,0.7518911597558325,0.7518410525613002,1333.0,1337.0,-5.0107194532356125e-05,-0.0002633709310282395,4.0
yolo_sppf_full_attention256_seed44,full,attention,256,44,0.6798385197505444,0.6795822797900676,0.7462434324032391,0.7461950411183075,1415.0,1419.0,-4.839128493161482e-05,-0.00025623996047685615,4.0
yolo_sppf_full_attention512_seed42,full,attention,512,42,0.6531571083428239,0.6528970043012073,0.7327475499035367,0.7327005673669351,1394.0,1397.0,-4.698253660162521e-05,-0.0002601040416165823,3.0
yolo_sppf_full_attention512_seed43,full,attention,512,43,0.6681827982981091,0.6678768825807637,0.7426032872849632,0.7425548301726651,1408.0,1412.0,-4.845711229806149e-05,-0.00030591571734539524,4.0
yolo_sppf_full_attention512_seed44,full,attention,512,44,0.6716020797162308,0.6713003212284779,0.7392571738377152,0.739210170808651,1379.0,1383.0,-4.70030290641299e-05,-0.00030175848775282343,4.0
yolo_sppf_full_attention896_seed42,full,attention,896,42,0.6770704396690921,0.6767602951748781,0.7434205977872919,0.7433724478005181,1367.0,1371.0,-4.8149986773715625e-05,-0.00031014449421395973,4.0
yolo_sppf_full_attention896_seed43,full,attention,896,43,0.6690626712842389,0.6687450156366339,0.7461696644354872,0.7461206645321468,1420.0,1424.0,-4.89999033403965e-05,-0.0003176556476049974,4.0
yolo_sppf_full_attention896_seed44,full,attention,896,44,0.66624910036984,0.6659988501195897,0.7399863055806114,0.7399386743594951,1417.0,1420.0,-4.763122111628437e-05,-0.00025025025025027237,3.0
yolo_sppf_full_lstm256_seed42,full,lstm,256,42,0.6708618975731523,0.6706020749192384,0.7519556930617116,0.7519064630128556,1371.0,1375.0,-4.923004885604154e-05,-0.00025982265391388815,4.0
yolo_sppf_full_lstm256_seed43,full,lstm,256,43,0.6748515095807152,0.67456869530558,0.7402877860377253,0.7402378325308347,1355.0,1359.0,-4.995350689052103e-05,-0.0002828142751352125,4.0
yolo_sppf_full_lstm256_seed44,full,lstm,256,44,0.6717106728667603,0.6715028119446137,0.7478599522372712,0.7478108053794527,1443.0,1446.0,-4.9146857818538336e-05,-0.00020786092214664098,3.0
yolo_sppf_full_lstm512_seed42,full,lstm,512,42,0.6640463016199989,0.6638318014054986,0.7312009577081566,0.7311520906740132,1416.0,1419.0,-4.886703414341831e-05,-0.00021450021450031276,3.0
yolo_sppf_full_lstm512_seed43,full,lstm,512,43,0.6470442991342671,0.6467486930869702,0.7273585606984827,0.7273078754636982,1360.0,1364.0,-5.0685234784464406e-05,-0.0002956060472968369,4.0
yolo_sppf_full_lstm512_seed44,full,lstm,512,44,0.6680340281812686,0.6678195279667685,0.7331211780106868,0.7330721999612365,1423.0,1426.0,-4.8978049450254524e-05,-0.0002145002145000907,3.0
yolo_sppf_full_lstm896_seed42,full,lstm,896,42,0.6480346772446511,0.6477945812062357,0.7288575595356032,0.7288091964030852,1397.0,1400.0,-4.836313251799229e-05,-0.00024009603841546046,3.0
yolo_sppf_full_lstm896_seed43,full,lstm,896,43,0.6464259301934814,0.6461935549611061,0.726872374142972,0.7268236913796047,1415.0,1418.0,-4.86827633673359e-05,-0.00023237523237529256,3.0
yolo_sppf_full_lstm896_seed44,full,lstm,896,44,0.636108602811643,0.6359053920821164,0.7204991601266999,0.7204502830993679,1438.0,1441.0,-4.8877027332028256e-05,-0.00020321072952667052,3.0
yolo_sppf_no_group_visual_attention256_seed42,no_group_visual,attention,256,42,0.6566231778454813,0.656377524028399,0.7342135388726162,0.7341658954715246,1397.0,1400.0,-4.7643401091646e-05,-0.00024565381708230305,3.0
yolo_sppf_no_group_visual_attention256_seed43,no_group_visual,attention,256,43,0.670557031767017,0.6702425956477417,0.7464365668070218,0.7463871689929898,1364.0,1368.0,-4.939781403190402e-05,-0.00031443611927528536,4.0
yolo_sppf_no_group_visual_attention256_seed44,no_group_visual,attention,256,44,0.6673920858810842,0.6671279413636597,0.7338896161200987,0.7338420706898782,1456.0,1460.0,-4.754543022056357e-05,-0.00026414451742451384,4.0
yolo_sppf_no_group_visual_attention512_seed42,no_group_visual,attention,512,42,0.6555659746146739,0.6553203207975916,0.7334642175572402,0.7334179901310264,1390.0,1393.0,-4.6227426213851786e-05,-0.00024565381708230305,3.0
yolo_sppf_no_group_visual_attention512_seed43,no_group_visual,attention,512,43,0.6707465534439129,0.6704262518921249,0.7426457686529863,0.7425974244841281,1405.0,1409.0,-4.8344168858127645e-05,-0.0003203015517879715,4.0
yolo_sppf_no_group_visual_attention512_seed44,no_group_visual,attention,512,44,0.673437691826468,0.6731192080054461,0.7415410627497823,0.741493098904832,1395.0,1399.0,-4.796384495031614e-05,-0.00031848382102184214,4.0
yolo_sppf_no_group_visual_attention896_seed42,no_group_visual,attention,896,42,0.650838259207875,0.6505781551662583,0.7299636775327032,0.729917104726573,1373.0,1376.0,-4.657280613018511e-05,-0.0002601040416166933,3.0
yolo_sppf_no_group_visual_attention896_seed43,no_group_visual,attention,896,43,0.6649930740968487,0.6646782138149089,0.7376261646082599,0.7375773488605615,1376.0,1380.0,-4.881574769843855e-05,-0.00031486028193983273,4.0
yolo_sppf_no_group_visual_attention896_seed44,no_group_visual,attention,896,44,0.6561219058163227,0.6558105276117567,0.7325321008199278,0.7324841708985462,1397.0,1401.0,-4.792992138158425e-05,-0.00031137820456594856,4.0
yolo_sppf_no_group_visual_lstm256_seed42,no_group_visual,lstm,256,42,0.6546064621269189,0.6544032513973923,0.7307621128019948,0.7307150589747976,1419.0,1422.0,-4.705382719716322e-05,-0.0002032107295265595,3.0
yolo_sppf_no_group_visual_lstm256_seed43,no_group_visual,lstm,256,43,0.6676620757208962,0.6674002157324107,0.7420058922825062,0.741956280084537,1385.0,1389.0,-4.961219796928429e-05,-0.0002618599884854911,4.0
yolo_sppf_no_group_visual_lstm256_seed44,no_group_visual,lstm,256,44,0.6551188891918187,0.6548470037879108,0.7287843204192962,0.7287354003116879,1424.0,1428.0,-4.8920107608263486e-05,-0.00027188540390787885,4.0
yolo_sppf_no_group_visual_lstm512_seed42,no_group_visual,lstm,512,42,0.6458793030323353,0.6456525456627208,0.7286440605027346,0.7285951018471332,1409.0,1412.0,-4.895865560139434e-05,-0.00022675736961452753,3.0
yolo_sppf_no_group_visual_lstm512_seed43,no_group_visual,lstm,512,43,0.6349648835901194,0.6346815935571882,0.7235834672822066,0.72353388177914,1320.0,1324.0,-4.958550306655152e-05,-0.0002832900329311494,4.0
yolo_sppf_no_group_visual_lstm512_seed44,no_group_visual,lstm,512,44,0.6438394255028238,0.6436193374676097,0.7305474896152522,0.7304990998592967,1420.0,1423.0,-4.838975595544692e-05,-0.00022008803521411657,3.0
yolo_sppf_no_group_visual_lstm896_seed42,no_group_visual,lstm,896,42,0.6410055449668857,0.6407787875972711,0.7245835416808578,0.7245358152611744,1398.0,1401.0,-4.772641968342484e-05,-0.00022675736961452753,3.0
yolo_sppf_no_group_visual_lstm896_seed43,no_group_visual,lstm,896,43,0.6426953207163263,0.6424808205018261,0.7311296065336096,0.7310799940899907,1354.0,1357.0,-4.961244361889605e-05,-0.00021450021450020174,3.0
yolo_sppf_no_group_visual_lstm896_seed44,no_group_visual,lstm,896,44,0.6412823905202297,0.6410622455632425,0.7275986603021033,0.7275497102338984,1338.0,1341.0,-4.895006820493375e-05,-0.0002201449569871894,3.0
yolo_sppf_no_relations_attention256_seed42,no_relations,attention,256,42,0.6096875136945179,0.609433028802042,0.699878221753459,0.6998316300169491,1474.0,1478.0,-4.6591736509893344e-05,-0.00025448489247592576,4.0
yolo_sppf_no_relations_attention256_seed43,no_relations,attention,256,43,0.6168602517573932,0.6165955606205609,0.6972310175892524,0.6971855136540246,1447.0,1451.0,-4.550393522784191e-05,-0.00026469113683236234,4.0
yolo_sppf_no_relations_attention256_seed44,no_relations,attention,256,44,0.6055928754262656,0.6053137894328939,0.6905762167674638,0.6905300375014078,1427.0,1431.0,-4.61792660559901e-05,-0.00027908599337167495,4.0
yolo_sppf_no_relations_attention512_seed42,no_relations,attention,512,42,0.6043742744600424,0.6041061491919172,0.6909255425329576,0.6908812577649778,1449.0,1452.0,-4.428476797979641e-05,-0.00026812526812525217,3.0
yolo_sppf_no_relations_attention512_seed43,no_relations,attention,512,43,0.6138467799423827,0.6135744452123938,0.6995033281246285,0.6994569456104749,1426.0,1430.0,-4.6382514153564536e-05,-0.00027233472998888786,4.0
yolo_sppf_no_relations_attention512_seed44,no_relations,attention,512,44,0.6000286472181647,0.599737992034848,0.6760128797341024,0.6759678604221981,1530.0,1534.0,-4.5019311904259673e-05,-0.0002906551833167237,4.0
yolo_sppf_no_relations_attention896_seed42,no_relations,attention,896,42,0.6139255353074746,0.6136044014654534,0.7020435995149578,0.7019983703016789,1459.0,1463.0,-4.5229213278874525e-05,-0.0003211338420212595,4.0
yolo_sppf_no_relations_attention896_seed43,no_relations,attention,896,43,0.6125910538048951,0.612272981074101,0.7065562291123069,0.7065104512479293,1471.0,1475.0,-4.577786437753861e-05,-0.0003180727307940945,4.0
yolo_sppf_no_relations_attention896_seed44,no_relations,attention,896,44,0.6151894938686132,0.6149438775147494,0.6833858575491195,0.6833398258893518,1500.0,1504.0,-4.603165976768686e-05,-0.00024561635386377567,4.0
yolo_sppf_no_relations_lstm256_seed42,no_relations,lstm,256,42,0.626019421886841,0.6258049216723407,0.6977076141807833,0.697658850143488,1470.0,1473.0,-4.876403729525691e-05,-0.00021450021450031276,3.0
yolo_sppf_no_relations_lstm256_seed43,no_relations,lstm,256,43,0.6219411396617927,0.6216692094401136,0.69503527449402,0.694985947325698,1523.0,1527.0,-4.9327168322066406e-05,-0.0002719302216790398,4.0
yolo_sppf_no_relations_lstm256_seed44,no_relations,lstm,256,44,0.6011698428297982,0.6009240197907982,0.667870565014943,0.6678242991357546,1657.0,1661.0,-4.6265879188434056e-05,-0.0002458230390000038,4.0
yolo_sppf_no_relations_lstm512_seed42,no_relations,lstm,512,42,0.6438106910896532,0.6436217266149743,0.7020743336318223,0.7020267884032722,1522.0,1525.0,-4.7545228550105456e-05,-0.00018896447467886546,3.0
yolo_sppf_no_relations_lstm512_seed43,no_relations,lstm,512,43,0.6274287431876241,0.6272208822654773,0.6964835303356596,0.696435610959633,1556.0,1559.0,-4.791937602655061e-05,-0.000207860922146752,3.0
yolo_sppf_no_relations_lstm512_seed44,no_relations,lstm,512,44,0.6243675838604023,0.6240932983220111,0.6957213386774591,0.6956724831849052,1493.0,1497.0,-4.885549255395638e-05,-0.0002742855383911502,4.0
yolo_sppf_no_relations_lstm896_seed42,no_relations,lstm,896,42,0.6300263146151494,0.6297442663610983,0.700763039144252,0.7007144210115452,1506.0,1510.0,-4.861813270673476e-05,-0.0002820482540510927,4.0
yolo_sppf_no_relations_lstm896_seed43,no_relations,lstm,896,43,0.6355877808221484,0.6353877007901356,0.7025809583275163,0.7025335417630172,1539.0,1542.0,-4.741656449913645e-05,-0.0002000800320127727,3.0
yolo_sppf_no_relations_lstm896_seed44,no_relations,lstm,896,44,0.6163679888526395,0.616125290216818,0.6852391734053311,0.6851911314058243,1535.0,1539.0,-4.804199950680932e-05,-0.00024269863582160323,4.0
yolo_sppf_pose_relations_only_attention256_seed42,pose_relations_only,attention,256,42,0.6584698067103013,0.6581972278031774,0.7266441222995136,0.7265982871169935,1435.0,1439.0,-4.583518252010421e-05,-0.00027257890712395483,4.0
yolo_sppf_pose_relations_only_attention256_seed43,pose_relations_only,attention,256,43,0.6609646760948144,0.6606950941461278,0.7160177585756857,0.715972516570136,1451.0,1455.0,-4.5242005549672726e-05,-0.00026958194868653695,4.0
yolo_sppf_pose_relations_only_attention256_seed44,pose_relations_only,attention,256,44,0.669416649724715,0.6691412143473121,0.7287822081877355,0.7287357523477821,1482.0,1486.0,-4.6455839953440936e-05,-0.0002754353774029328,4.0
yolo_sppf_pose_relations_only_attention512_seed42,pose_relations_only,attention,512,42,0.6645865168256054,0.6643728416119303,0.728661313591137,0.7286145039457866,1462.0,1465.0,-4.6809645350309737e-05,-0.0002136752136751019,3.0
yolo_sppf_pose_relations_only_attention512_seed43,pose_relations_only,attention,512,43,0.6518522700085734,0.6515536729036231,0.7277563197978213,0.7277091018821619,1371.0,1375.0,-4.721791565942546e-05,-0.00029859710495028224,4.0
yolo_sppf_pose_relations_only_attention512_seed44,pose_relations_only,attention,512,44,0.6545119196421861,0.6542795444098111,0.725968360673208,0.7259207795925081,1410.0,1413.0,-4.758108069990996e-05,-0.00023237523237507052,3.0
yolo_sppf_pose_relations_only_attention896_seed42,pose_relations_only,attention,896,42,0.6596595261521874,0.6593708553115734,0.7313530779646855,0.7313055854028814,1370.0,1374.0,-4.7492561804141076e-05,-0.0002886708406140137,4.0
yolo_sppf_pose_relations_only_attention896_seed43,pose_relations_only,attention,896,43,0.6634207349105582,0.6631497075316367,0.7234788459683433,0.7234319809348747,1427.0,1431.0,-4.686503346862381e-05,-0.00027102737892148454,4.0
yolo_sppf_pose_relations_only_attention896_seed44,pose_relations_only,attention,896,44,0.6632380796945777,0.6629336361252086,0.7292025435114383,0.7291545897654331,1388.0,1392.0,-4.795374600519153e-05,-0.000304443569369095,4.0
yolo_sppf_pose_relations_only_lstm256_seed42,pose_relations_only,lstm,256,42,0.638514879637744,0.6382899583601912,0.7090667594528937,0.7090213128435213,1490.0,1493.0,-4.544660937233491e-05,-0.0002249212775528031,3.0
yolo_sppf_pose_relations_only_lstm256_seed43,pose_relations_only,lstm,256,43,0.6474395412365899,0.6471647971926308,0.7189519345549319,0.718903366201539,1370.0,1374.0,-4.85683533928416e-05,-0.00027474404395910756,4.0
yolo_sppf_pose_relations_only_lstm256_seed44,pose_relations_only,lstm,256,44,0.6368756206884225,0.6366611204739223,0.7037923071959373,0.7037461210471214,1468.0,1471.0,-4.618614881590766e-05,-0.00021450021450020174,3.0
yolo_sppf_pose_relations_only_lstm512_seed42,pose_relations_only,lstm,512,42,0.6472258603433291,0.6469756100930789,0.7148370953903793,0.7147901753946906,1493.0,1496.0,-4.6919995688732286e-05,-0.00025025025025016134,3.0
yolo_sppf_pose_relations_only_lstm512_seed43,pose_relations_only,lstm,512,43,0.6467458555802148,0.6465379946580682,0.7135387976495522,0.7134914008686819,1409.0,1412.0,-4.73967808702902e-05,-0.00020786092214664098,3.0
yolo_sppf_pose_relations_only_lstm512_seed44,pose_relations_only,lstm,512,44,0.6318598516154987,0.6316330942458842,0.705379821798109,0.7053324581125903,1469.0,1472.0,-4.7363685518719834e-05,-0.00022675736961452753,3.0
yolo_sppf_pose_relations_only_lstm896_seed42,pose_relations_only,lstm,896,42,0.642221989852862,0.6419896146204868,0.7169379079324169,0.7168908494172899,1467.0,1470.0,-4.7058515126985334e-05,-0.00023237523237529256,3.0
yolo_sppf_pose_relations_only_lstm896_seed43,pose_relations_only,lstm,896,43,0.6391537607609985,0.6389081069439161,0.7176913890127617,0.7176426552956838,1306.0,1309.0,-4.873371707792007e-05,-0.00024565381708241407,3.0
yolo_sppf_pose_relations_only_lstm896_seed44,pose_relations_only,lstm,896,44,0.6400660859877396,0.6398960179605286,0.7019965403762062,0.7019525988204587,1597.0,1600.0,-4.3941555747495364e-05,-0.0001700680272109789,3.0
yolo_sppf_visual_only_attention256_seed42,visual_only,attention,256,42,0.6078525128829259,0.6075701017757724,0.6899647949434862,0.6899188658189932,1528.0,1532.0,-4.5929124492971596e-05,-0.0002824111071534352,4.0
yolo_sppf_visual_only_attention256_seed43,visual_only,attention,256,43,0.5979620097945099,0.5977475095800096,0.6853839285791336,0.6853390990643026,1480.0,1483.0,-4.482951483097963e-05,-0.00021450021450031276,3.0
yolo_sppf_visual_only_attention256_seed44,visual_only,attention,256,44,0.5936342506895095,0.5934141057325224,0.6847603905368439,0.6847146393462121,1463.0,1466.0,-4.575119063177091e-05,-0.00022014495698707837,3.0
yolo_sppf_visual_only_attention512_seed42,visual_only,attention,512,42,0.5806708148271483,0.5803405322926046,0.6784582565183138,0.6784175326698464,1557.0,1559.0,-4.0723848467427715e-05,-0.00033028253454370216,2.0
yolo_sppf_visual_only_attention512_seed43,visual_only,attention,512,43,0.6034080211135323,0.603121261404662,0.688273596109508,0.6882265399796031,1434.0,1438.0,-4.7056129904854416e-05,-0.0002867597088702656,4.0
yolo_sppf_visual_only_attention512_seed44,visual_only,attention,512,44,0.6027146924811629,0.602494547524176,0.6747575164757933,0.6747115625317389,1491.0,1494.0,-4.595394405437769e-05,-0.00022014495698696734,3.0
yolo_sppf_visual_only_attention896_seed42,visual_only,attention,896,42,0.6033417502429174,0.6030744016304792,0.6896895150279159,0.6896436905846818,1524.0,1528.0,-4.5824443234088186e-05,-0.00026734861243815633,4.0
yolo_sppf_visual_only_attention896_seed43,visual_only,attention,896,43,0.5941657586256771,0.5939673459272645,0.6887834665385346,0.6887407674669797,1547.0,1550.0,-4.269907155496355e-05,-0.00019841269841258669,3.0
yolo_sppf_visual_only_attention896_seed44,visual_only,attention,896,44,0.6033314298315069,0.6031112848745198,0.6818329747394067,0.6817877928655308,1520.0,1523.0,-4.518187387592132e-05,-0.00022014495698707837,3.0
yolo_sppf_visual_only_lstm256_seed42,visual_only,lstm,256,42,0.5928063818844876,0.5925357303879001,0.6751801136897938,0.6751400259910907,1613.0,1615.0,-4.008769870311735e-05,-0.0002706514965875595,2.0
yolo_sppf_visual_only_lstm256_seed43,visual_only,lstm,256,43,0.5880353690862031,0.5878747110308084,0.6701321160006523,0.6700910648534562,1673.0,1676.0,-4.105114719610281e-05,-0.00016065805539478006,3.0
yolo_sppf_visual_only_lstm256_seed44,visual_only,lstm,256,44,0.5999194308205499,0.5997369554816928,0.6697688417077405,0.6697277656244073,1539.0,1543.0,-4.107608333325796e-05,-0.0001824753388570688,4.0
yolo_sppf_visual_only_lstm512_seed42,visual_only,lstm,512,42,0.5847592316444714,0.5845577852317053,0.672518275533584,0.6724767223091664,1492.0,1496.0,-4.155322441756759e-05,-0.0002014464127660931,4.0
yolo_sppf_visual_only_lstm512_seed43,visual_only,lstm,512,43,0.5829258276201728,0.5827340267618984,0.6663928245266867,0.6663492921086469,1560.0,1564.0,-4.353241803978225e-05,-0.0001918008582743047,4.0
yolo_sppf_visual_only_lstm512_seed44,visual_only,lstm,512,44,0.5756694129214027,0.5754790804898533,0.6659338963710272,0.6658918715079384,1527.0,1531.0,-4.2024863088796494e-05,-0.0001903324315494226,4.0
yolo_sppf_visual_only_lstm896_seed42,visual_only,lstm,896,42,0.5986249223247951,0.5984930866447867,0.678386061405753,0.6783464798334149,1600.0,1603.0,-3.9581572338076576e-05,-0.0001318356800084075,3.0
yolo_sppf_visual_only_lstm896_seed43,visual_only,lstm,896,43,0.5978228111489771,0.5975341957726297,0.6720552507636925,0.6720144087916021,1646.0,1648.0,-4.084197209042184e-05,-0.00028861537634738976,2.0
yolo_sppf_visual_only_lstm896_seed44,visual_only,lstm,896,44,0.5895764930301882,0.5893982476633605,0.6734361588988081,0.6733974714505285,1589.0,1593.0,-3.868744827961734e-05,-0.00017824536682775616,4.0
