stream,head,capacity,class,threshold,n_seeds,bout_precision_mean,bout_precision_sd,bout_recall_mean,bout_recall_sd,bout_f1_mean,bout_f1_sd,tp_mean,fp_mean,fn_mean
animal_visual_only,attention,256,attack,0.1,3,0.5943552825603948,0.047253287924289615,0.5983146067415731,0.014863771410475238,0.5958548275532108,0.029030362975703508,213.0,146.66666666666666,143.0
animal_visual_only,attention,256,attack,0.25,3,0.4968536116187743,0.04328808540783019,0.5,0.015639787536039396,0.4980276866063192,0.028217266988948813,178.0,181.66666666666666,178.0
animal_visual_only,attention,256,attack,0.5,3,0.28391441279887825,0.026560333787087893,0.28558052434456926,0.007069133366358369,0.28451711512174566,0.01695669913267893,101.66666666666667,258.0,254.33333333333334
animal_visual_only,attention,256,investigation,0.1,3,0.70540914455977,0.006896876923542343,0.4676209952283572,0.008861622358554895,0.5623400936834465,0.004200657062614327,686.0,286.6666666666667,781.0
animal_visual_only,attention,256,investigation,0.25,3,0.6093328015466709,0.01847388117215256,0.40377187002953874,0.0010412578266202816,0.4856351546986697,0.0065435924030500065,592.3333333333334,380.3333333333333,874.6666666666666
animal_visual_only,attention,256,investigation,0.5,3,0.37216176542209056,0.017344132918487735,0.24653487843671895,0.004639985879723267,0.29655601724920516,0.008884285107765484,361.6666666666667,611.0,1105.3333333333333
animal_visual_only,attention,256,mount,0.1,3,0.72311043437804,0.010502252348275206,0.7612179487179488,0.012099093646267258,0.7416045222707103,0.006990813948184244,158.33333333333334,60.666666666666664,49.666666666666664
animal_visual_only,attention,256,mount,0.25,3,0.6957027449985196,0.010006492186909403,0.7323717948717948,0.012099093646267258,0.7134986834594633,0.007021075556009227,152.33333333333334,66.66666666666667,55.666666666666664
animal_visual_only,attention,256,mount,0.5,3,0.5982108869432813,0.02937444486740266,0.6298076923076923,0.03365384615384612,0.613544716345357,0.030601268561465795,131.0,88.0,77.0
animal_visual_only,attention,512,attack,0.1,3,0.5506616010284088,0.11750258359084038,0.5767790262172284,0.04253863929438415,0.5614259653249637,0.08312575977943504,205.33333333333334,176.0,150.66666666666666
animal_visual_only,attention,512,attack,0.25,3,0.44050407964654753,0.1089269274924361,0.4597378277153558,0.050976245650997,0.4483626636909514,0.08230370558716772,163.66666666666666,217.66666666666666,192.33333333333334
animal_visual_only,attention,512,attack,0.5,3,0.23949727813512675,0.06732411910862013,0.24906367041198504,0.03666062163005973,0.24336301617342218,0.053202867202695826,88.66666666666667,292.6666666666667,267.3333333333333
animal_visual_only,attention,512,investigation,0.1,3,0.6871352660261328,0.013323044707284537,0.47489206998409456,0.025123090647007486,0.5614638696183416,0.020942921639117446,696.6666666666666,317.0,770.3333333333334
animal_visual_only,attention,512,investigation,0.25,3,0.573149036082702,0.022656161304940033,0.3962735741876846,0.028412631733407117,0.4684379519925203,0.026837412558471736,581.3333333333334,432.3333333333333,885.6666666666666
animal_visual_only,attention,512,investigation,0.5,3,0.35131621270681285,0.013429293706923862,0.24267211997273344,0.011826415523447504,0.28697260383820355,0.011386932533723968,356.0,657.6666666666666,1111.0
animal_visual_only,attention,512,mount,0.1,3,0.6872118708108084,0.029296693390892543,0.7548076923076922,0.030024028838453846,0.7186257157957,0.005055813796664075,157.0,72.0,51.0
animal_visual_only,attention,512,mount,0.25,3,0.6606503279810053,0.02473110076777184,0.7259615384615384,0.03629728093880167,0.69099677332482,0.010957804641567181,151.0,78.0,57.0
animal_visual_only,attention,512,mount,0.5,3,0.5690316176371953,0.01314488265709702,0.6266025641025641,0.05613551246197756,0.5957540862959211,0.028602132229236243,130.33333333333334,98.66666666666667,77.66666666666667
animal_visual_only,attention,896,attack,0.1,3,0.5980463628633379,0.08465756973359578,0.5852059925093633,0.026099924840386413,0.5905963932319865,0.05478395923890325,208.33333333333334,143.33333333333334,147.66666666666666
animal_visual_only,attention,896,attack,0.25,3,0.49032207383742793,0.07540505247177977,0.4794007490636704,0.027282401281523327,0.4840149795851219,0.05086342706560628,170.66666666666666,181.0,185.33333333333334
animal_visual_only,attention,896,attack,0.5,3,0.2709657384767698,0.05536652540984723,0.26404494382022475,0.02972754282095045,0.26703830502314846,0.04220459747852896,94.0,257.6666666666667,262.0
animal_visual_only,attention,896,investigation,0.1,3,0.6881625449432706,0.015564504295862454,0.4730743012951602,0.026144252093749317,0.5601552938622977,0.013111782154257987,694.0,315.6666666666667,773.0
animal_visual_only,attention,896,investigation,0.25,3,0.5761000284337318,0.03279455883251355,0.3953646898432175,0.010647920485216988,0.46847285601779354,0.009042613020496573,580.0,429.6666666666667,887.0
animal_visual_only,attention,896,investigation,0.5,3,0.34964405653266445,0.026401117411771657,0.2397182458532152,0.00453873764040858,0.2841604896797429,0.00983778940049863,351.6666666666667,658.0,1115.3333333333333
animal_visual_only,attention,896,mount,0.1,3,0.7056550755180893,0.012428384975731725,0.7596153846153846,0.017334381132038463,0.731463329341825,0.004876796426001339,158.0,66.0,50.0
animal_visual_only,attention,896,mount,0.25,3,0.6833118682433751,0.010714204152506235,0.735576923076923,0.016654334688162332,0.7083090487140632,0.0018170867988737591,153.0,71.0,55.0
animal_visual_only,attention,896,mount,0.5,3,0.5972758849471178,0.02239987856975249,0.6426282051282052,0.0073438713060190244,0.618973440574212,0.013006227617854102,133.66666666666666,90.33333333333333,74.33333333333333
animal_visual_only,lstm,256,attack,0.1,3,0.6957180272309008,0.02421015961186552,0.5814606741573033,0.020255906041932552,0.632978696490265,0.003301790462628481,207.0,91.0,149.0
animal_visual_only,lstm,256,attack,0.25,3,0.599181503691934,0.016555312171201333,0.500936329588015,0.020705378639977484,0.5452432637658686,0.005788739543887705,178.33333333333334,119.66666666666667,177.66666666666666
animal_visual_only,lstm,256,attack,0.5,3,0.3346178821352661,0.02155514565848048,0.2799625468164794,0.024218196922055367,0.30462678626826595,0.021383115896056046,99.66666666666667,198.33333333333334,256.3333333333333
animal_visual_only,lstm,256,investigation,0.1,3,0.6793428401899592,0.039301629606224776,0.5271529197909567,0.01575709015913283,0.5928931030684031,0.005741788265951824,773.3333333333334,369.0,693.6666666666666
animal_visual_only,lstm,256,investigation,0.25,3,0.5540894555660336,0.05362170092514265,0.42899341058850265,0.009254902001552504,0.4829828739676419,0.025012952278250348,629.3333333333334,513.0,837.6666666666666
animal_visual_only,lstm,256,investigation,0.5,3,0.3220918662943974,0.05315093364018779,0.24835264712565328,0.021559677317872315,0.2801260116724779,0.03409245218489292,364.3333333333333,778.0,1102.6666666666667
animal_visual_only,lstm,256,mount,0.1,3,0.7492903962318297,0.03862698788357484,0.719551282051282,0.040888944942862354,0.7329941347244584,0.0189784970704611,149.66666666666666,50.666666666666664,58.333333333333336
animal_visual_only,lstm,256,mount,0.25,3,0.7168719990434688,0.026437498772403572,0.6891025641025642,0.048396374585068846,0.7016258768844438,0.020094196172130423,143.33333333333334,57.0,64.66666666666667
animal_visual_only,lstm,256,mount,0.5,3,0.608252810155636,0.022067101872531122,0.5865384615384616,0.07082173010892415,0.5962537306485888,0.04423672591528896,122.0,78.33333333333333,86.0
animal_visual_only,lstm,512,attack,0.1,3,0.6538865333086833,0.11096372606970346,0.5589887640449438,0.021938903584007446,0.5985355105079908,0.031204142474584567,199.0,112.0,157.0
animal_visual_only,lstm,512,attack,0.25,3,0.5547613071797257,0.08989113413501672,0.47471910112359544,0.02193890358400746,0.5080847234478032,0.022814334430038462,169.0,142.0,187.0
animal_visual_only,lstm,512,attack,0.5,3,0.32304280685721,0.08100146444597843,0.27340823970037453,0.015470703784511552,0.2940318986013697,0.03930590543623854,97.33333333333333,213.66666666666666,258.6666666666667
animal_visual_only,lstm,512,investigation,0.1,3,0.6820573734681638,0.06246125982265079,0.5057941376959781,0.0006816632583503124,0.5800610344683603,0.02299092227868991,742.0,352.0,725.0
animal_visual_only,lstm,512,investigation,0.25,3,0.5684793434604419,0.07987330568058092,0.4203590093160645,0.021397423071108455,0.48267013130242065,0.042843785901770425,616.6666666666666,477.3333333333333,850.3333333333334
animal_visual_only,lstm,512,investigation,0.5,3,0.33532579217097985,0.06810179463568881,0.2469893206089525,0.02801738267084455,0.28407866086503203,0.0431380202349587,362.3333333333333,731.6666666666666,1104.6666666666667
animal_visual_only,lstm,512,mount,0.1,3,0.7454226163058498,0.06059888717877782,0.7275641025641025,0.07296507972969357,0.7323305860805861,0.010844345968845126,151.33333333333334,53.666666666666664,56.666666666666664
animal_visual_only,lstm,512,mount,0.25,3,0.707698705153795,0.058596981861207535,0.6907051282051282,0.06972535230066373,0.6952216117216117,0.009038019517788723,143.66666666666666,61.333333333333336,64.33333333333333
animal_visual_only,lstm,512,mount,0.5,3,0.6005335482880393,0.019339750430318815,0.5897435897435898,0.08895313516908926,0.5918257020757021,0.037401115340007354,122.66666666666667,82.33333333333333,85.33333333333333
animal_visual_only,lstm,896,attack,0.1,3,0.6573147466204837,0.07228590774554479,0.552434456928839,0.04093163482096327,0.5970362057926861,0.00533156155609022,196.66666666666666,106.33333333333333,159.33333333333334
animal_visual_only,lstm,896,attack,0.25,3,0.5461259589189927,0.061922789504626714,0.4588014981273408,0.032556813952647416,0.4959324944685522,0.006067782059747527,163.33333333333334,139.66666666666666,192.66666666666666
animal_visual_only,lstm,896,attack,0.5,3,0.3130355334834784,0.05342433138149684,0.2612359550561798,0.005617977528089867,0.28319320526928843,0.018258179464423048,93.0,210.0,263.0
animal_visual_only,lstm,896,investigation,0.1,3,0.6664847506940518,0.011537880715833016,0.5135196546239492,0.021386562353174526,0.5797783426707056,0.009924266782418194,753.3333333333334,377.6666666666667,713.6666666666666
animal_visual_only,lstm,896,investigation,0.25,3,0.5351061670020943,0.028103839642360358,0.4117246080436265,0.002726653033401513,0.4651312627396103,0.00981928669605146,604.0,527.0,863.0
animal_visual_only,lstm,896,investigation,0.5,3,0.30415963345615477,0.015654842046950366,0.2340377187002954,0.0017154815803841806,0.2643911506558933,0.0053055754564578445,343.3333333333333,787.6666666666666,1123.6666666666667
animal_visual_only,lstm,896,mount,0.1,3,0.6242144900862593,0.05884683866735138,0.798076923076923,0.0458624616065839,0.6979551597542503,0.020333226688633646,166.0,102.33333333333333,42.0
animal_visual_only,lstm,896,mount,0.25,3,0.6002309063311491,0.0570826149505003,0.7676282051282052,0.05140709914213283,0.6712382984211768,0.026957756562198117,159.66666666666666,108.66666666666667,48.333333333333336
animal_visual_only,lstm,896,mount,0.5,3,0.5389917548563843,0.040683821942257635,0.6907051282051282,0.05815784394751303,0.6033106422789839,0.01990823534395111,143.66666666666666,124.66666666666667,64.33333333333333
full,attention,256,attack,0.1,3,0.8389781859931112,0.016590016839764587,0.6338951310861424,0.011352392933503888,0.7221375195888152,0.012631620368550187,225.66666666666666,43.333333333333336,130.33333333333334
full,attention,256,attack,0.25,3,0.7560098102124811,0.03495574198895265,0.5711610486891385,0.024218196922055325,0.6506932541072885,0.028347907664190646,203.33333333333334,65.66666666666667,152.66666666666666
full,attention,256,attack,0.5,3,0.47102376108660476,0.021845096798243896,0.3558052434456929,0.013274762995091604,0.4053747826917867,0.016587212744610086,126.66666666666667,142.33333333333334,229.33333333333334
full,attention,256,investigation,0.1,3,0.8127626735179078,0.0149413955375147,0.5007952738014088,0.00964820438335025,0.6195950619617205,0.0029821376376882387,734.6666666666666,169.66666666666666,732.3333333333334
full,attention,256,investigation,0.25,3,0.7392655367231639,0.023914727698640476,0.4553510565780505,0.003123773479860848,0.563445969067908,0.00573747948442952,668.0,236.33333333333334,799.0
full,attention,256,investigation,0.5,3,0.528737718468526,0.035905755819829646,0.3253805953192456,0.010255200269390372,0.40276347937970575,0.018357464519363497,477.3333333333333,427.0,989.6666666666666
full,attention,256,mount,0.1,3,0.8552661819278314,0.022889011111094284,0.8189102564102564,0.032011192877304764,0.8362090240980145,0.013955692377585241,170.33333333333334,29.0,37.666666666666664
full,attention,256,mount,0.25,3,0.8419572755802359,0.022312717924813607,0.8060897435897436,0.02817050613981878,0.8231552579215968,0.008524922295882337,167.66666666666666,31.666666666666668,40.333333333333336
full,attention,256,mount,0.5,3,0.7783797103983195,0.02144517099775135,0.7451923076923076,0.025439916452544127,0.7609824902046701,0.00778969356493024,155.0,44.333333333333336,53.0
full,attention,512,attack,0.1,3,0.7318575154101469,0.07680526959764596,0.6170411985018727,0.015972586244599234,0.6687532425708138,0.04115493466329067,219.66666666666666,82.33333333333333,136.33333333333334
full,attention,512,attack,0.25,3,0.6506717243559349,0.06753355824871517,0.548689138576779,0.01621770419071985,0.5946226551745769,0.036495880198085195,195.33333333333334,106.66666666666667,160.66666666666666
full,attention,512,attack,0.5,3,0.39388401559454184,0.05438951823999636,0.33146067415730335,0.019662921348314613,0.359560441248073,0.034427188570392946,118.0,184.0,238.0
full,attention,512,investigation,0.1,3,0.8066566230931488,0.004219509326228562,0.4964780731651898,0.014657081047825631,0.6145400623015775,0.010149586658942321,728.3333333333334,174.66666666666666,738.6666666666666
full,attention,512,investigation,0.25,3,0.7309672061008364,0.00564993516052943,0.4498977505112474,0.013785786241415608,0.5568805253836275,0.010028689330630704,660.0,243.0,807.0
full,attention,512,investigation,0.5,3,0.5124905442655999,0.0058089591892468645,0.3153828675301068,0.007477610848400091,0.3904008846736857,0.0042827942306183685,462.6666666666667,440.3333333333333,1004.3333333333334
full,attention,512,mount,0.1,3,0.8667200168515713,0.019328164722751843,0.8012820512820512,0.015454568527232317,0.8326527049345852,0.014746075639410688,166.66666666666666,25.666666666666668,41.333333333333336
full,attention,512,mount,0.25,3,0.8510641140135918,0.020483861257895884,0.7868589743589743,0.02001601922563592,0.8176393653848836,0.018177534247695897,163.66666666666666,28.666666666666668,44.333333333333336
full,attention,512,mount,0.5,3,0.7920903640200954,0.01732832420002571,0.7323717948717948,0.019430057136189338,0.7610019544616743,0.016583333829981756,152.33333333333334,40.0,55.666666666666664
full,attention,896,attack,0.1,3,0.8033251723238113,0.04290130893794166,0.6264044943820225,0.008426966292134866,0.7037123682269227,0.021004914835403645,223.0,55.0,133.0
full,attention,896,attack,0.25,3,0.7289344077704124,0.04201667941801743,0.5683520599250936,0.01135239293350385,0.6385169836601198,0.022245302587582456,202.33333333333334,75.66666666666667,153.66666666666666
full,attention,896,attack,0.5,3,0.4530205448868734,0.04086367938987384,0.3529962546816479,0.019928648552240424,0.39668335240300423,0.027644814340042276,125.66666666666667,152.33333333333334,230.33333333333334
full,attention,896,investigation,0.1,3,0.8051547618020768,0.017657854416610972,0.5073846852987957,0.025959946938581398,0.6219994955160515,0.01557554815429981,744.3333333333334,181.0,722.6666666666666
full,attention,896,investigation,0.25,3,0.7211956364192336,0.023928851812289938,0.45421495114746646,0.01770138305254473,0.5569403802370788,0.007183245757053925,666.3333333333334,259.0,800.6666666666666
full,attention,896,investigation,0.5,3,0.5076937395594915,0.02604047393289976,0.31947284708020907,0.006620678156934075,0.39185354107151626,0.0027764709983857986,468.6666666666667,456.6666666666667,998.3333333333334
full,attention,896,mount,0.1,3,0.8502784332388148,0.04599024241443658,0.8205128205128206,0.05972642677430836,0.8329028195440409,0.006961019801945142,170.66666666666666,31.0,37.333333333333336
full,attention,896,mount,0.25,3,0.8337780003040458,0.04643734024522237,0.8044871794871794,0.0573574684877349,0.8166897987508674,0.006905450201453982,167.33333333333334,34.333333333333336,40.666666666666664
full,attention,896,mount,0.5,3,0.7536493757146728,0.03782152298112807,0.7275641025641025,0.05695306296127201,0.7383954044259388,0.011371297877912787,151.33333333333334,50.333333333333336,56.666666666666664
full,lstm,256,attack,0.1,3,0.8032636011743232,0.07219813608668532,0.6338951310861424,0.01870316887213311,0.7077013517220316,0.03279000244463159,225.66666666666666,56.666666666666664,130.33333333333334
full,lstm,256,attack,0.25,3,0.7393199457618861,0.07218208888481291,0.5833333333333334,0.023890170078975804,0.6512983348323808,0.036871762369913026,207.66666666666666,74.66666666666667,148.33333333333334
full,lstm,256,attack,0.5,3,0.4705691956888938,0.06702583253913344,0.3707865168539326,0.032394838749075276,0.4142264867086893,0.043816910767281496,132.0,150.33333333333334,224.0
full,lstm,256,investigation,0.1,3,0.8030854487829572,0.01218444726497917,0.49534196773460576,0.021222984646826853,0.6124331537207867,0.01324459888371506,726.6666666666666,178.66666666666666,740.3333333333334
full,lstm,256,investigation,0.25,3,0.7277790020248682,0.016271007686995388,0.44876164508066346,0.01575709015913276,0.5549038713755509,0.007788523812459266,658.3333333333334,247.0,808.6666666666666
full,lstm,256,investigation,0.5,3,0.531898307533492,0.01586943802953682,0.3278800272665303,0.00886162235855488,0.40547687620065004,0.00219284807465226,481.0,424.3333333333333,986.0
full,lstm,256,mount,0.1,3,0.8306056626811343,0.027370821223332564,0.8205128205128206,0.014687742612037973,0.8252384853403529,0.01057637264387609,170.66666666666666,35.0,37.333333333333336
full,lstm,256,mount,0.25,3,0.8096942889395718,0.03159036657485865,0.7996794871794872,0.007343871306019033,0.804372311333262,0.012869737259989198,166.33333333333334,39.333333333333336,41.666666666666664
full,lstm,256,mount,0.5,3,0.757737231322137,0.028336167819180885,0.7483974358974358,0.007343871306018948,0.7527737683934627,0.010792251935410007,155.66666666666666,50.0,52.333333333333336
full,lstm,512,attack,0.1,3,0.8561762582665545,0.044386230573107435,0.6338951310861424,0.005847376402994771,0.7281976302300035,0.018897884553277577,225.66666666666666,38.333333333333336,130.33333333333334
full,lstm,512,attack,0.25,3,0.7931136132886544,0.04706288694975539,0.5870786516853933,0.009730622514431863,0.6744784744138315,0.022776979829208434,209.0,55.0,147.0
full,lstm,512,attack,0.5,3,0.4995357802189502,0.07289849751575042,0.3689138576779026,0.038753187428042846,0.4242538640790697,0.051823169984512106,131.33333333333334,132.66666666666666,224.66666666666666
full,lstm,512,investigation,0.1,3,0.792383389679293,0.005828764332580399,0.510338559418314,0.021816774307803048,0.6207049283708732,0.017909710531763896,748.6666666666666,196.0,718.3333333333334
full,lstm,512,investigation,0.25,3,0.7091101113688412,0.009420475121185332,0.45648716200863443,0.010345423710822275,0.5553116584814831,0.0049587992454608225,669.6666666666666,275.0,797.3333333333334
full,lstm,512,investigation,0.5,3,0.48679580274589535,0.023632824618328364,0.31311065666893884,0.004165031306481124,0.38102084912982076,0.010303526927745742,459.3333333333333,485.3333333333333,1007.6666666666666
full,lstm,512,mount,0.1,3,0.8495741731035849,0.029611148507343546,0.7932692307692308,0.017334381132038376,0.8203072062522084,0.019322453671153348,165.0,29.333333333333332,43.0
full,lstm,512,mount,0.25,3,0.827193503664092,0.030262712062674498,0.7724358974358975,0.02272026743390682,0.7987320986884496,0.0228355098178107,160.66666666666666,33.666666666666664,47.333333333333336
full,lstm,512,mount,0.5,3,0.7172707466825115,0.026329375155737047,0.6698717948717948,0.023715782991904976,0.6926357797593067,0.022185605560085125,139.33333333333334,55.0,68.66666666666667
full,lstm,896,attack,0.1,3,0.8375598086124402,0.04147196253437083,0.6235955056179775,0.012872403637516391,0.7143486969985101,0.007978190813483239,222.0,43.666666666666664,134.0
full,lstm,896,attack,0.25,3,0.777127385913464,0.037086416223661385,0.5786516853932584,0.012872403637516348,0.6628369428731432,0.005431654511606902,206.0,59.666666666666664,150.0
full,lstm,896,attack,0.5,3,0.47641354118433915,0.02923778133027777,0.3548689138576779,0.019729688675754198,0.4064426144659545,0.01959456021463767,126.33333333333333,139.33333333333334,229.66666666666666
full,lstm,896,investigation,0.1,3,0.7869803316415398,0.001825587012785389,0.5121563281072484,0.018808636297727662,0.620377658737158,0.014324904598499383,751.3333333333334,203.33333333333334,715.6666666666666
full,lstm,896,investigation,0.25,3,0.700335470070289,0.016799223276058407,0.45557827766416725,0.011930729918495883,0.55193514612008,0.010374834835542659,668.3333333333334,286.3333333333333,798.6666666666666
full,lstm,896,investigation,0.5,3,0.4728916954897948,0.0231758078379278,0.30743012951601906,0.00786132419541293,0.3725442711264512,0.012027556324227202,451.0,503.6666666666667,1016.0
full,lstm,896,mount,0.1,3,0.8027887922845905,0.01801901638818974,0.7692307692307692,0.017334381132038425,0.7855954302685517,0.015733567526560372,160.0,39.333333333333336,48.0
full,lstm,896,mount,0.25,3,0.7758810594945049,0.01640564293123446,0.7435897435897436,0.023715782991905028,0.7593376894722329,0.01907587237125443,154.66666666666666,44.666666666666664,53.333333333333336
full,lstm,896,mount,0.5,3,0.6670486376368729,0.021120381247511023,0.639423076923077,0.03002402883845384,0.6528966398002849,0.025348636926188273,133.0,66.33333333333333,75.0
no_group_visual,attention,256,attack,0.1,3,0.7722433880182957,0.06978419532213134,0.6245318352059925,0.02070537863997751,0.6901187322322665,0.03973192470497987,222.33333333333334,66.66666666666667,133.66666666666666
no_group_visual,attention,256,attack,0.25,3,0.6866615771136066,0.06673594191718314,0.5552434456928839,0.02548812282549851,0.6135951176892976,0.0410646789748202,197.66666666666666,91.33333333333333,158.33333333333334
no_group_visual,attention,256,attack,0.5,3,0.4131940007170634,0.03730116772809276,0.33426966292134835,0.0156397875360394,0.36932259534338335,0.02323458451161437,119.0,170.0,237.0
no_group_visual,attention,256,investigation,0.1,3,0.7995180574613873,0.011820217207968733,0.5042035900931606,0.022632178318156528,0.6180744590526107,0.013430776566760977,739.6666666666666,186.0,727.3333333333334
no_group_visual,attention,256,investigation,0.25,3,0.7260871744228591,0.023786636664110586,0.4576232674392184,0.014877342908312493,0.5611053334931424,0.008630148956481197,671.3333333333334,254.33333333333334,795.6666666666666
no_group_visual,attention,256,investigation,0.5,3,0.5082387285383702,0.032919888388136025,0.3199272892524427,0.007160168714650634,0.39246291049829063,0.013346978355378679,469.3333333333333,456.3333333333333,997.6666666666666
no_group_visual,attention,256,mount,0.1,3,0.8530954706164265,0.02577484207047487,0.798076923076923,0.012719958226272051,0.8245904784453922,0.01717554132557028,166.0,28.666666666666668,42.0
no_group_visual,attention,256,mount,0.25,3,0.8394237220700069,0.026171245912107118,0.7852564102564102,0.01110288979210826,0.8113592989367948,0.01691624100234802,163.33333333333334,31.333333333333332,44.666666666666664
no_group_visual,attention,256,mount,0.5,3,0.7708536563310998,0.02648481843263284,0.7211538461538461,0.017334381132038376,0.745104687541552,0.020156694176851182,150.0,44.666666666666664,58.0
no_group_visual,attention,512,attack,0.1,3,0.747365212144972,0.08428739152601593,0.6123595505617977,0.01123595505617972,0.6720125759722415,0.0402392203639346,218.0,76.0,138.0
no_group_visual,attention,512,attack,0.25,3,0.6656072358656996,0.08239735931631831,0.5449438202247191,0.014863771410475233,0.5982450534836172,0.042418210450678326,194.0,100.0,162.0
no_group_visual,attention,512,attack,0.5,3,0.39164212198431353,0.05573694541959384,0.3202247191011236,0.01459593377164785,0.3517584849975406,0.031590559957139434,114.0,180.0,242.0
no_group_visual,attention,512,investigation,0.1,3,0.8085839859915271,0.004821179399947504,0.5039763690070439,0.019114952768050992,0.6208035006954903,0.015141399059482788,739.3333333333334,175.0,727.6666666666666
no_group_visual,attention,512,investigation,0.25,3,0.7298817682715343,0.012919488532496602,0.45489661440581686,0.017936078956478876,0.5603589303180514,0.015589864368010443,667.3333333333334,247.0,799.6666666666666
no_group_visual,attention,512,investigation,0.5,3,0.5091248299153437,0.012105779758613428,0.31720063621904115,0.008896510770484832,0.39079109426136033,0.007693200358796216,465.3333333333333,449.0,1001.6666666666666
no_group_visual,attention,512,mount,0.1,3,0.8716483964333972,0.01698914565926461,0.8044871794871794,0.010008009612817986,0.8366954234483052,0.012229441910626065,167.33333333333334,24.666666666666668,40.666666666666664
no_group_visual,attention,512,mount,0.25,3,0.8560125021585413,0.019851865872501446,0.7900641025641025,0.014687742612037957,0.8216908489248241,0.016194393940723445,164.33333333333334,27.666666666666668,43.666666666666664
no_group_visual,attention,512,mount,0.5,3,0.7935410884060351,0.02444397439945197,0.7323717948717948,0.018201629313462416,0.7617058439572627,0.02052943633821523,152.33333333333334,39.666666666666664,55.666666666666664
no_group_visual,attention,896,attack,0.1,3,0.7462251740707323,0.05407346834602956,0.6067415730337079,0.007431885705237648,0.6688834861507753,0.026592955609653968,216.0,74.33333333333333,140.0
no_group_visual,attention,896,attack,0.25,3,0.6680342034036296,0.0515635389205371,0.5430711610486891,0.009864844337877089,0.5987389531394847,0.026759957618511444,193.33333333333334,97.0,162.66666666666666
no_group_visual,attention,896,attack,0.5,3,0.40665367465748653,0.03561621052817392,0.3305243445692884,0.01327476299509159,0.3644381000208126,0.021648115526913356,117.66666666666667,172.66666666666666,238.33333333333334
no_group_visual,attention,896,investigation,0.1,3,0.8062104733700378,0.008568578872541583,0.4930697568734379,0.013791402777090251,0.611798108890831,0.01009761596555123,723.3333333333334,174.0,743.6666666666666
no_group_visual,attention,896,investigation,0.25,3,0.7263718843030578,0.009609751914773689,0.44421722335832764,0.011614976522728544,0.551193512111979,0.008444255266331153,651.6666666666666,245.66666666666666,815.3333333333334
no_group_visual,attention,896,investigation,0.5,3,0.503984703292406,0.012309507560815022,0.30811179277436945,0.0031237734798608315,0.3823590350970463,0.001816174494029075,452.0,445.3333333333333,1015.0
no_group_visual,attention,896,mount,0.1,3,0.8568384879725085,0.007415219140384106,0.8157051282051282,0.02001601922563592,0.8357233440639936,0.013745087896078489,169.66666666666666,28.333333333333332,38.333333333333336
no_group_visual,attention,896,mount,0.25,3,0.8417353951890035,0.002829109674614458,0.8012820512820512,0.015454568527232324,0.8209686859818554,0.009019916919603877,166.66666666666666,31.333333333333332,41.333333333333336
no_group_visual,attention,896,mount,0.5,3,0.7591408934707905,0.011313151106649313,0.7227564102564102,0.022720267433906805,0.7404643449419569,0.01722833049627556,150.33333333333334,47.666666666666664,57.666666666666664
no_group_visual,lstm,256,attack,0.1,3,0.8002999457405044,0.06613625934218133,0.6217228464419476,0.011694752805989491,0.699196005153607,0.03092958543236961,221.33333333333334,56.333333333333336,134.66666666666666
no_group_visual,lstm,256,attack,0.25,3,0.7414398835784716,0.06737357105644082,0.5758426966292135,0.017542129208984264,0.6476740681190579,0.03488453997515079,205.0,72.66666666666667,151.0
no_group_visual,lstm,256,attack,0.5,3,0.46630867297178913,0.06480596194004981,0.3614232209737828,0.027712825069192402,0.40687521718537073,0.0418843743842331,128.66666666666666,149.0,227.33333333333334
no_group_visual,lstm,256,investigation,0.1,3,0.7923858086208179,0.012854309324869027,0.5073846852987957,0.014814745114931126,0.6185882295414807,0.013794716039197269,744.3333333333334,195.0,722.6666666666666
no_group_visual,lstm,256,investigation,0.25,3,0.7118161312159231,0.008335034212329923,0.455805498750284,0.012957580031250386,0.5556988224242684,0.01139108811265443,668.6666666666666,270.6666666666667,798.3333333333334
no_group_visual,lstm,256,investigation,0.5,3,0.5058161619583128,0.010450198160892417,0.3237900477164281,0.003607022918970122,0.39480154054423194,0.004359841791128076,475.0,464.3333333333333,992.0
no_group_visual,lstm,256,mount,0.1,3,0.8435607920144003,0.012254117443607349,0.7948717948717948,0.012099093646267201,0.8184787745740238,0.011473200854974093,165.33333333333334,30.666666666666668,42.666666666666664
no_group_visual,lstm,256,mount,0.25,3,0.8180141055693338,0.011950312007284324,0.7708333333333334,0.014687742612037973,0.7937095562361177,0.012928742775040908,160.33333333333334,35.666666666666664,47.666666666666664
no_group_visual,lstm,256,mount,0.5,3,0.715948672502428,0.017154755481273938,0.6746794871794872,0.019430057136189335,0.6946898277799253,0.018127429596695024,140.33333333333334,55.666666666666664,67.66666666666667
no_group_visual,lstm,512,attack,0.1,3,0.7847628022892743,0.05798049818830552,0.6198501872659176,0.008581602425010897,0.6922122276426679,0.02735312617044157,220.66666666666666,61.333333333333336,135.33333333333334
no_group_visual,lstm,512,attack,0.25,3,0.7141564017300969,0.06652594371322557,0.5636704119850187,0.018703168872133136,0.6296726740623347,0.037009727065950654,200.66666666666666,81.33333333333333,155.33333333333334
no_group_visual,lstm,512,attack,0.5,3,0.4418446501583426,0.05568014905912628,0.34831460674157305,0.02299256396593385,0.3893058285624995,0.035671546472748734,124.0,158.0,232.0
no_group_visual,lstm,512,investigation,0.1,3,0.7860977790944014,0.0038542620083301645,0.485344239945467,0.02063087382470561,0.6000033722078254,0.016686049110875765,712.0,193.66666666666666,755.0
no_group_visual,lstm,512,investigation,0.25,3,0.7090259991802697,0.008260864776390106,0.4376278118609407,0.014085874791937179,0.5410753891677639,0.009809433899982449,642.0,263.6666666666667,825.0
no_group_visual,lstm,512,investigation,0.5,3,0.5061624168847331,0.018584349712311835,0.3122017723244717,0.004256985683979815,0.3861002628028862,0.006029358650904685,458.0,447.6666666666667,1009.0
no_group_visual,lstm,512,mount,0.1,3,0.8238645293100738,0.008516251090854927,0.7868589743589743,0.011102889792108148,0.804905211174728,0.007889124471854247,163.66666666666666,35.0,44.333333333333336
no_group_visual,lstm,512,mount,0.25,3,0.7986422791939058,0.008744477248925355,0.7628205128205128,0.01545456852723231,0.7802899754110939,0.011314166360515493,158.66666666666666,40.0,49.333333333333336
no_group_visual,lstm,512,mount,0.5,3,0.6844357905178272,0.012482772774279506,0.6538461538461539,0.02203161391805695,0.6687649517084352,0.01747264599235657,136.0,62.666666666666664,72.0
no_group_visual,lstm,896,attack,0.1,3,0.7957214138202766,0.04492410384078833,0.6179775280898876,0.008426966292134866,0.6953668811682269,0.019866576967543913,220.0,57.0,136.0
no_group_visual,lstm,896,attack,0.25,3,0.7258489918752208,0.043095620848713656,0.5636704119850187,0.009864844337877108,0.6342797943679027,0.02037675291509417,200.66666666666666,76.33333333333333,155.33333333333334
no_group_visual,lstm,896,attack,0.5,3,0.44380502567865004,0.0336624289862554,0.3445692883895131,0.015470703784511491,0.3877704531093396,0.021183656519547837,122.66666666666667,154.33333333333334,233.33333333333334
no_group_visual,lstm,896,investigation,0.1,3,0.7826716994470196,0.002499074731972597,0.4746648488979777,0.015017233939430413,0.5908566217990027,0.012045706059780462,696.3333333333334,193.33333333333334,770.6666666666666
no_group_visual,lstm,896,investigation,0.25,3,0.715126736325805,0.01470992108479561,0.4335378323108385,0.007498295841854096,0.5397383820354725,0.006121318194852727,636.0,253.66666666666666,831.0
no_group_visual,lstm,896,investigation,0.5,3,0.5059969448910078,0.017779358174275024,0.3067484662576687,0.010041526832076531,0.3818938020094233,0.011586248299983098,450.0,439.6666666666667,1017.0
no_group_visual,lstm,896,mount,0.1,3,0.8197888810696693,0.010961744940586007,0.7868589743589745,0.01000800961281793,0.8029447427353299,0.007656438675213825,163.66666666666666,36.0,44.333333333333336
no_group_visual,lstm,896,mount,0.25,3,0.7863312221440301,0.005639533933312191,0.7548076923076924,0.01271995822627213,0.7702071409373655,0.00737607405535662,157.0,42.666666666666664,51.0
no_group_visual,lstm,896,mount,0.5,3,0.6861681914144969,0.0022620643285673433,0.6586538461538461,0.009615384615384581,0.6720948286327131,0.004066710598734329,137.0,62.666666666666664,71.0
no_relations,attention,256,attack,0.1,3,0.7943551384741991,0.04255026937449658,0.6132958801498127,0.006487081676287945,0.6919169334313561,0.01921099796492701,218.33333333333334,57.0,137.66666666666666
no_relations,attention,256,attack,0.25,3,0.6912605300460131,0.03618307257433503,0.5337078651685393,0.0028089887640449784,0.6021220878448706,0.0155307242654416,190.0,85.33333333333333,166.0
no_relations,attention,256,attack,0.5,3,0.39544771028828213,0.027005740481055456,0.3052434456928839,0.010634659823595988,0.3444085844381939,0.016111067832904512,108.66666666666667,166.66666666666666,247.33333333333334
no_relations,attention,256,investigation,0.1,3,0.7474473128972249,0.008011996496879312,0.48511701885935016,0.015801262122893626,0.5883152854644176,0.01395697571673183,711.6666666666666,240.33333333333334,755.3333333333334
no_relations,attention,256,investigation,0.25,3,0.6526713745027903,0.0014308736878414603,0.4235401045216996,0.009453598756062161,0.5136697468776013,0.006823237104013805,621.3333333333334,330.6666666666667,845.6666666666666
no_relations,attention,256,investigation,0.5,3,0.4121214743065227,0.0024018497209709632,0.26743921835946377,0.006147579758449739,0.3243504797494734,0.004650539131110416,392.3333333333333,559.6666666666666,1074.6666666666667
no_relations,attention,256,mount,0.1,3,0.7088440397450998,0.09719302466047937,0.7548076923076922,0.04996300406448683,0.7259889232444564,0.032882901339627964,157.0,69.0,51.0
no_relations,attention,256,mount,0.25,3,0.6782164537464891,0.07937187002002524,0.7243589743589745,0.06456165730283234,0.6955690847324697,0.017681648971349807,150.66666666666666,75.33333333333333,57.333333333333336
no_relations,attention,256,mount,0.5,3,0.591734619914832,0.06268004086879048,0.6330128205128206,0.06402238575460956,0.6073149794469411,0.007483939320831771,131.66666666666666,94.33333333333333,76.33333333333333
no_relations,attention,512,attack,0.1,3,0.7406767437869957,0.07634513272950202,0.6067415730337079,0.032394838749075276,0.6667674280652999,0.05061624731662003,216.0,76.66666666666667,140.0
no_relations,attention,512,attack,0.25,3,0.6347529857578779,0.07645466820126241,0.5196629213483145,0.03715942852618806,0.5712289059842751,0.053514109118117215,185.0,107.66666666666667,171.0
no_relations,attention,512,attack,0.5,3,0.3517495767201481,0.06058108449000676,0.2874531835205993,0.035345666831791904,0.31623523839705797,0.045963156245337,102.33333333333333,190.33333333333334,253.66666666666666
no_relations,attention,512,investigation,0.1,3,0.7312578601524189,0.01850410245536286,0.49670529425130655,0.015247533805778339,0.591304270973387,0.006390024029799063,728.6666666666666,268.6666666666667,738.3333333333334
no_relations,attention,512,investigation,0.25,3,0.6220920850705446,0.030627195363711734,0.4221767780049988,0.003754308484857602,0.5027667768854361,0.009582700578233946,619.3333333333334,378.0,847.6666666666666
no_relations,attention,512,investigation,0.5,3,0.3702316824356849,0.03745373690073418,0.250852079072938,0.014508382177091177,0.29893561008988084,0.02228255468566995,368.0,629.3333333333334,1099.0
no_relations,attention,512,mount,0.1,3,0.7931243474721735,0.01159273961171362,0.6939102564102564,0.002775722448027037,0.74019269880831,0.006538600208030627,144.33333333333334,37.666666666666664,63.666666666666664
no_relations,attention,512,mount,0.25,3,0.7473527277875104,0.01658849628516529,0.6538461538461539,0.009615384615384581,0.6974655683050383,0.012399999589062686,136.0,46.0,72.0
no_relations,attention,512,mount,0.5,3,0.6504158482419352,0.03614313915713684,0.5689102564102564,0.026478704554260123,0.6069269790919276,0.030757659719892895,118.33333333333333,63.666666666666664,89.66666666666667
no_relations,attention,896,attack,0.1,3,0.7986544916652444,0.00771226824915733,0.6198501872659176,0.0064870816762878656,0.6979371429918538,0.001371986801605435,220.66666666666666,55.666666666666664,135.33333333333334
no_relations,attention,896,attack,0.25,3,0.6923266200147921,0.009053376672040472,0.5374531835205992,0.015972586244599234,0.6050984622461405,0.013228472951163401,191.33333333333334,85.0,164.66666666666666
no_relations,attention,896,attack,0.5,3,0.38956590999601753,0.009074806175370653,0.3024344569288389,0.011352392933503881,0.34049250082813737,0.010413307188037334,107.66666666666667,168.66666666666666,248.33333333333334
no_relations,attention,896,investigation,0.1,3,0.7384753681657247,0.0051270240740215476,0.4921608725289707,0.03171016591578187,0.5901926194471668,0.02112695713959649,722.0,256.0,745.0
no_relations,attention,896,investigation,0.25,3,0.6380911066185678,0.030014323913381845,0.42444898886616683,0.010118356772648184,0.5093842758584889,0.0026577085656464897,622.6666666666666,355.3333333333333,844.3333333333334
no_relations,attention,896,investigation,0.5,3,0.3895814714838753,0.0368658624202347,0.25857759600090885,0.008330062612962217,0.31059787639603637,0.017328169338992276,379.3333333333333,598.6666666666666,1087.6666666666667
no_relations,attention,896,mount,0.1,3,0.7087545727780676,0.09369248046449143,0.7580128205128206,0.050040048064089744,0.7278361677438289,0.029128266270071954,157.66666666666666,68.66666666666667,50.333333333333336
no_relations,attention,896,mount,0.25,3,0.6894227108617711,0.08093425761754923,0.7387820512820512,0.05933816853068467,0.7086600890092449,0.01955451877721994,153.66666666666666,72.66666666666667,54.333333333333336
no_relations,attention,896,mount,0.5,3,0.594134293400079,0.05060632344972101,0.639423076923077,0.0721153846153846,0.6119564399754848,0.007070666879587328,133.0,93.33333333333333,75.0
no_relations,lstm,256,attack,0.1,3,0.7980906302602958,0.03925598580791043,0.6310861423220974,0.016459172126635675,0.7044344437379984,0.017842207160821858,224.66666666666666,57.333333333333336,131.33333333333334
no_relations,lstm,256,attack,0.25,3,0.7252383911705219,0.028917873355993346,0.5739700374531835,0.027712825069192367,0.6404353171621423,0.02195653647947418,204.33333333333334,77.66666666666667,151.66666666666666
no_relations,lstm,256,attack,0.5,3,0.4467947505167332,0.022168355056527717,0.35393258426966295,0.027088906632002658,0.3947543430373324,0.023398281142425693,126.0,156.0,230.0
no_relations,lstm,256,investigation,0.1,3,0.7409078777233784,0.01567195216009855,0.5153374233128835,0.029798899787858806,0.6073056462331142,0.017322308803661653,756.0,265.3333333333333,711.0
no_relations,lstm,256,investigation,0.25,3,0.6451682054065188,0.025935964668316908,0.4483072029084299,0.018116518305183033,0.5285223437522729,0.00842111437039099,657.6666666666666,363.6666666666667,809.3333333333334
no_relations,lstm,256,investigation,0.5,3,0.40767376348604034,0.04717552151302307,0.2822085889570552,0.013005306086120607,0.3332155006620933,0.024198212983502925,414.0,607.3333333333334,1053.0
no_relations,lstm,256,mount,0.1,3,0.6606669096466579,0.07490398981104722,0.7836538461538461,0.05544501247437885,0.712926749659608,0.025683364884562285,163.0,87.33333333333333,45.0
no_relations,lstm,256,mount,0.25,3,0.6369320782888575,0.06739732186856914,0.7564102564102564,0.06256160671776646,0.6876983567128883,0.024687759681891984,157.33333333333334,93.0,50.666666666666664
no_relations,lstm,256,mount,0.5,3,0.5550420989245494,0.06201354910917694,0.6586538461538461,0.050652181504099746,0.5990811935665915,0.02441600975312647,137.0,113.33333333333333,71.0
no_relations,lstm,512,attack,0.1,3,0.796964800815724,0.03385599468587954,0.6245318352059925,0.0016217704190720265,0.7000571188256947,0.012220964402256996,222.33333333333334,57.0,133.66666666666666
no_relations,lstm,512,attack,0.25,3,0.7265124427762005,0.032401297286874735,0.5692883895131087,0.0016217704190719143,0.6381498284562789,0.012531802268068253,202.66666666666666,76.66666666666667,153.33333333333334
no_relations,lstm,512,attack,0.5,3,0.4573233559902217,0.018820905756024246,0.35861423220973787,0.015470703784511531,0.4018612567090356,0.014200052825795994,127.66666666666667,151.66666666666666,228.33333333333334
no_relations,lstm,512,investigation,0.1,3,0.7431423966248576,0.009786581505991035,0.5321517836855261,0.005294787638141822,0.6201516411813375,0.0033782798753984964,780.6666666666666,270.0,686.3333333333334
no_relations,lstm,512,investigation,0.25,3,0.6417724529012382,0.020201017233518807,0.4594410361281527,0.0053239602426084776,0.535476351377797,0.01063838739813482,674.0,376.6666666666667,793.0
no_relations,lstm,512,investigation,0.5,3,0.3984678818884757,0.022525223455713585,0.2851624630765735,0.01043486707857763,0.3324035557348837,0.01494487264285942,418.3333333333333,632.3333333333334,1048.6666666666667
no_relations,lstm,512,mount,0.1,3,0.7751367292166679,0.01377544034405387,0.7339743589743589,0.02272026743390671,0.7538264989273592,0.013111170419226666,152.66666666666666,44.333333333333336,55.333333333333336
no_relations,lstm,512,mount,0.25,3,0.7358318407992779,0.02030297744207838,0.6971153846153846,0.03815987467881623,0.7157894877384964,0.028182987368547022,145.0,52.0,63.0
no_relations,lstm,512,mount,0.5,3,0.6328676190507374,0.025230848018587052,0.5993589743589743,0.03128080335888326,0.615518974357569,0.026196860776703294,124.66666666666667,72.33333333333333,83.33333333333333
no_relations,lstm,896,attack,0.1,3,0.8326093010303537,0.040258885996150476,0.6357677902621722,0.005847376402994745,0.7206266310533865,0.012910206799624875,226.33333333333334,46.0,129.66666666666666
no_relations,lstm,896,attack,0.25,3,0.7624636303402185,0.030252922964182073,0.5823970037453183,0.009864844337877059,0.6600366036075918,0.006262930345447584,207.33333333333334,65.0,148.66666666666666
no_relations,lstm,896,attack,0.5,3,0.4705941097955617,0.01707027911359246,0.3595505617977528,0.010127953020966248,0.40743621561802074,0.006622684345562065,128.0,144.33333333333334,228.0
no_relations,lstm,896,investigation,0.1,3,0.7426018248003192,0.010505896774994056,0.5326062258577596,0.013328797433367373,0.6202198270108005,0.009212405543755044,781.3333333333334,271.0,685.6666666666666
no_relations,lstm,896,investigation,0.25,3,0.6273687294052943,0.013764700104359106,0.4498977505112474,0.010041526832076523,0.5239353330251398,0.00843824888873198,660.0,392.3333333333333,807.0
no_relations,lstm,896,investigation,0.5,3,0.39347638840138127,0.01021990610634378,0.2822085889570552,0.009469968636298433,0.32863113843113945,0.008724251954456416,414.0,638.3333333333334,1053.0
no_relations,lstm,896,mount,0.1,3,0.7441649765611192,0.009446694094700944,0.735576923076923,0.020956244920868616,0.7396462805687841,0.006510458133354437,153.0,52.666666666666664,55.0
no_relations,lstm,896,mount,0.25,3,0.7084763182775297,0.010768855538674111,0.7003205128205128,0.02167908535011003,0.7041856127117813,0.009815222264108782,145.66666666666666,60.0,62.333333333333336
no_relations,lstm,896,mount,0.5,3,0.6008934580106398,0.01998288831985685,0.594551282051282,0.04088894494286238,0.5975434554406446,0.02993519313086741,123.66666666666667,82.0,84.33333333333333
pose_relations_only,attention,256,attack,0.1,3,0.739369209902231,0.09390862285275756,0.6264044943820225,0.012244098156013126,0.6758460388854145,0.03292991651827922,223.0,82.33333333333333,133.0
pose_relations_only,attention,256,attack,0.25,3,0.6673142772022794,0.09417943641965418,0.5646067415730337,0.0028089887640449784,0.6095328726189942,0.037676158691406905,201.0,104.33333333333333,155.0
pose_relations_only,attention,256,attack,0.5,3,0.3910441823865864,0.05981833692520526,0.3305243445692884,0.004290801212505438,0.3569807948257085,0.026112103162427826,117.66666666666667,187.66666666666666,238.33333333333334
pose_relations_only,attention,256,investigation,0.1,3,0.7917382826166124,0.0067607674340111916,0.5062485798682118,0.039361749504825384,0.617111995522733,0.03170128721561628,742.6666666666666,195.0,724.3333333333334
pose_relations_only,attention,256,investigation,0.25,3,0.7098206859142291,0.004519500191558329,0.45376050897523285,0.03315949034326195,0.5531795483670842,0.025814273727205954,665.6666666666666,272.0,801.3333333333334
pose_relations_only,attention,256,investigation,0.5,3,0.48590125755873714,0.0075264946267278865,0.31038400363553736,0.017987817753251333,0.3784976529132569,0.012005643823863633,455.3333333333333,482.3333333333333,1011.6666666666666
pose_relations_only,attention,256,mount,0.1,3,0.7970991415610426,0.033664713636240774,0.8301282051282052,0.024198187292534385,0.8126765512961427,0.011259509007486096,172.66666666666666,44.333333333333336,35.333333333333336
pose_relations_only,attention,256,mount,0.25,3,0.7818889195558482,0.038849099867272696,0.8141025641025642,0.023715782991904973,0.7970774736482622,0.01817301351485532,169.33333333333334,47.666666666666664,38.666666666666664
pose_relations_only,attention,256,mount,0.5,3,0.7099507205555909,0.04521381119914942,0.7387820512820512,0.01943005713618934,0.7235371066583968,0.025268511992975105,153.66666666666666,63.333333333333336,54.333333333333336
pose_relations_only,attention,512,attack,0.1,3,0.7146673246667022,0.09079612125996335,0.6367041198501872,0.012666431889951979,0.6716960287891102,0.040097582688934236,226.66666666666666,93.66666666666667,129.33333333333334
pose_relations_only,attention,512,attack,0.25,3,0.6486253875383092,0.08573685163158516,0.5777153558052435,0.01716320485002185,0.6095349209570986,0.040400779853169706,205.66666666666666,114.66666666666667,150.33333333333334
pose_relations_only,attention,512,attack,0.5,3,0.3746033228013808,0.054047949370357486,0.3333333333333333,0.011352392933503876,0.3518454152931114,0.02732795435476788,118.66666666666667,201.66666666666666,237.33333333333334
pose_relations_only,attention,512,investigation,0.1,3,0.7971742356279203,0.0024003587187510027,0.4846625766871166,0.03286861200065766,0.6023517761692259,0.025266652079435938,711.0,181.0,756.0
pose_relations_only,attention,512,investigation,0.25,3,0.7168338159885331,0.002869294486836921,0.4358100431720064,0.029409115541674035,0.5416401052852832,0.02255764368604474,639.3333333333334,252.66666666666666,827.6666666666666
pose_relations_only,attention,512,investigation,0.5,3,0.49537472104150604,0.013026924362217664,0.3008407180186321,0.013536351746063621,0.3740463361395033,0.007018698710802972,441.3333333333333,450.6666666666667,1025.6666666666667
pose_relations_only,attention,512,mount,0.1,3,0.8285663070728105,0.018453915158215286,0.8173076923076922,0.02676809789822127,0.8225039208658939,0.006659208509942159,170.0,35.333333333333336,38.0
pose_relations_only,attention,512,mount,0.25,3,0.81041446703983,0.011467898364339469,0.7996794871794872,0.03410864848364226,0.8046236103369996,0.013526596820250472,166.33333333333334,39.0,41.666666666666664
pose_relations_only,attention,512,mount,0.5,3,0.7324722033200087,0.013107783234079507,0.7227564102564102,0.03128080335888323,0.7272322151691277,0.014076387128657383,150.33333333333334,55.0,57.666666666666664
pose_relations_only,attention,896,attack,0.1,3,0.7852940599727334,0.028986016714008755,0.6413857677902621,0.004290801212505518,0.7059509556740863,0.013459737329307777,228.33333333333334,62.666666666666664,127.66666666666667
pose_relations_only,attention,896,attack,0.25,3,0.7107266935692859,0.027853634400851982,0.5805243445692884,0.011694752805989486,0.6389416776121836,0.016065960332907202,206.66666666666666,84.33333333333333,149.33333333333334
pose_relations_only,attention,896,attack,0.5,3,0.4334106274446585,0.01920220705176528,0.35393258426966295,0.004865311257215919,0.3895879818603953,0.010413119322870756,126.0,165.0,230.0
pose_relations_only,attention,896,investigation,0.1,3,0.8001935547317974,0.006028196799623591,0.4880708929788684,0.0269321694139583,0.6060713862741139,0.022091966922521942,716.0,178.66666666666666,751.0
pose_relations_only,attention,896,investigation,0.25,3,0.7169139687110949,0.006515080133132744,0.43717336968870707,0.021397423071108482,0.5429153685455311,0.01650788928882155,641.3333333333334,253.33333333333334,825.6666666666666
pose_relations_only,attention,896,investigation,0.5,3,0.5027093519911404,0.014616035204214655,0.3062940240854351,0.00790063106144682,0.38049821202486767,0.0038518027557816557,449.3333333333333,445.3333333333333,1017.6666666666666
pose_relations_only,attention,896,mount,0.1,3,0.8024824908120102,0.03891302696772267,0.8205128205128206,0.04362390252825704,0.8100450473537263,0.006861492751813687,170.66666666666666,42.666666666666664,37.333333333333336
pose_relations_only,attention,896,mount,0.25,3,0.7836072394424797,0.037012551623722564,0.8012820512820512,0.043623902528257104,0.7910260701936402,0.007247731120053193,166.66666666666666,46.666666666666664,41.333333333333336
pose_relations_only,attention,896,mount,0.5,3,0.6944421330004854,0.011361113462499144,0.7115384615384616,0.0590779121511755,0.7017383607892804,0.024589635981027876,148.0,65.33333333333333,60.0
pose_relations_only,lstm,256,attack,0.1,3,0.7369309060579811,0.11290895324743977,0.6329588014981273,0.008581602425010958,0.678640799532241,0.05518744219249932,225.33333333333334,85.33333333333333,130.66666666666666
pose_relations_only,lstm,256,attack,0.25,3,0.6731679851616773,0.09800807322717667,0.5786516853932584,0.0028089887640449784,0.6201732857758983,0.04537175018913065,206.0,104.66666666666667,150.0
pose_relations_only,lstm,256,attack,0.5,3,0.39899061851635337,0.0751706072160045,0.3417602996254681,0.02287788712148055,0.366912649033076,0.04469266824951081,121.66666666666667,189.0,234.33333333333334
pose_relations_only,lstm,256,investigation,0.1,3,0.7752631985069597,0.009933125261757788,0.487389229720518,0.025894233010528355,0.5981377706171768,0.017293651499434442,715.0,207.66666666666666,752.0
pose_relations_only,lstm,256,investigation,0.25,3,0.690944364020643,0.01420633522270154,0.43421949556918876,0.019195811643256604,0.5329632373774046,0.01081779060576138,637.0,285.6666666666667,830.0
pose_relations_only,lstm,256,investigation,0.5,3,0.47467103552296247,0.02194052052691383,0.29811406498523063,0.012295159516899521,0.3659950532712016,0.010931108112384442,437.3333333333333,485.3333333333333,1029.6666666666667
pose_relations_only,lstm,256,mount,0.1,3,0.7855466418778888,0.009194641595630645,0.8028846153846154,0.030024028838453808,0.7938095078078761,0.01074829020460768,167.0,45.666666666666664,41.0
pose_relations_only,lstm,256,mount,0.25,3,0.7602178675120418,0.0010596385357617662,0.7772435897435898,0.03640325862692482,0.7683368930598998,0.017576964505096344,161.66666666666666,51.0,46.333333333333336
pose_relations_only,lstm,256,mount,0.5,3,0.6789045972483624,0.007038473386409467,0.6939102564102564,0.026478704554260123,0.6860567056153174,0.009734591966573818,144.33333333333334,68.33333333333333,63.666666666666664
pose_relations_only,lstm,512,attack,0.1,3,0.7432499177813559,0.09720800581062036,0.6292134831460675,0.004865311257215919,0.679610533959747,0.0443262914513943,224.0,81.0,132.0
pose_relations_only,lstm,512,attack,0.25,3,0.6738388807342967,0.07975503346905097,0.5711610486891385,0.010634659823596076,0.6165392108984319,0.032743645231170695,203.33333333333334,101.66666666666667,152.66666666666666
pose_relations_only,lstm,512,attack,0.5,3,0.39668250117804166,0.05111186354020296,0.33614232209737827,0.014414610784963151,0.36289483461362065,0.02517093344010657,119.66666666666667,185.33333333333334,236.33333333333334
pose_relations_only,lstm,512,investigation,0.1,3,0.7762662006556938,0.01390179900086603,0.5032947057486935,0.014688749246892948,0.6105507695733017,0.011622992250629537,738.3333333333334,213.0,728.6666666666666
pose_relations_only,lstm,512,investigation,0.25,3,0.6908832368123595,0.01715802534561101,0.44785276073619634,0.010821068756910416,0.5433340937541913,0.009744603694032442,657.0,294.3333333333333,810.0
pose_relations_only,lstm,512,investigation,0.5,3,0.457673390420845,0.022490192482357653,0.29652351738241306,0.00851397136795965,0.3598166930760503,0.012415360135592676,435.0,516.3333333333334,1032.0
pose_relations_only,lstm,512,mount,0.1,3,0.8069081255333271,0.01706233747496143,0.7900641025641025,0.031280803358883204,0.7982307747013628,0.02096680202227467,164.33333333333334,39.333333333333336,43.666666666666664
pose_relations_only,lstm,512,mount,0.25,3,0.7755434404728043,0.014168323533979616,0.7596153846153846,0.03815987467881623,0.7673356320415143,0.02554553526001457,158.0,45.666666666666664,50.0
pose_relations_only,lstm,512,mount,0.5,3,0.6906379381182642,0.01445750051775659,0.6762820512820514,0.028979393141065943,0.6832417979476803,0.019549561920459764,140.66666666666666,63.0,67.33333333333333
pose_relations_only,lstm,896,attack,0.1,3,0.7395598309919246,0.09647966860683545,0.6254681647940075,0.01297416335257589,0.6754653323530602,0.03464754147888883,222.66666666666666,82.0,133.33333333333334
pose_relations_only,lstm,896,attack,0.25,3,0.6672875822249154,0.097786174717902,0.5636704119850188,0.017163204850021905,0.6090399270981296,0.04188914318134821,200.66666666666666,104.0,155.33333333333334
pose_relations_only,lstm,896,attack,0.5,3,0.39900148200949515,0.07660374755939539,0.33614232209737827,0.028415713306167618,0.36360807155042574,0.043891998160676585,119.66666666666667,185.0,236.33333333333334
pose_relations_only,lstm,896,investigation,0.1,3,0.7666815580244996,0.02229506387931385,0.488525335151102,0.04448255385242416,0.595512147113193,0.027054701580728945,716.6666666666666,220.0,750.3333333333334
pose_relations_only,lstm,896,investigation,0.25,3,0.6812971945051814,0.03559618568885629,0.43331061122472164,0.028987391097871087,0.5285939058440723,0.012136567837192773,635.6666666666666,301.0,831.3333333333334
pose_relations_only,lstm,896,investigation,0.5,3,0.45953734431902404,0.04765922460812186,0.29129743240172684,0.01346752239285384,0.3558099878366625,0.016571188557931497,427.3333333333333,509.3333333333333,1039.6666666666667
pose_relations_only,lstm,896,mount,0.1,3,0.781506655338431,0.039814793699304976,0.8189102564102564,0.002775722448027037,0.7994370469990529,0.021657956662930543,170.33333333333334,48.0,37.666666666666664
pose_relations_only,lstm,896,mount,0.25,3,0.7634138447222559,0.046574831503709384,0.7996794871794872,0.010008009612817989,0.7808014041988738,0.02917514646577849,166.33333333333334,52.0,41.666666666666664
pose_relations_only,lstm,896,mount,0.5,3,0.6826475704980378,0.05136919862661008,0.7147435897435898,0.0200160192256359,0.6980396475569921,0.036400434742758295,148.66666666666666,69.66666666666667,59.333333333333336
visual_only,attention,256,attack,0.1,3,0.7514609355279172,0.030495764740667494,0.601123595505618,0.007431885705237643,0.6678484098078002,0.016669190929374154,214.0,71.0,142.0
visual_only,attention,256,attack,0.25,3,0.6472530204004389,0.024770269687146608,0.5177902621722846,0.005847376402994765,0.5752519463080622,0.013228089333511104,184.33333333333334,100.66666666666667,171.66666666666666
visual_only,attention,256,attack,0.5,3,0.36053361104294607,0.01807437022699314,0.2883895131086142,0.008581602425010916,0.3204090857709732,0.012095307657175718,102.66666666666667,182.33333333333334,253.33333333333334
visual_only,attention,256,investigation,0.1,3,0.7329600776860711,0.006757527444720347,0.489661440581686,0.00818942117288801,0.5870972729611177,0.008038093608721354,718.3333333333334,261.6666666666667,748.6666666666666
visual_only,attention,256,investigation,0.25,3,0.6238689084840313,0.01217088808832763,0.41672347193819587,0.005161470889161782,0.4996737534939302,0.007580205710510492,611.3333333333334,368.6666666666667,855.6666666666666
visual_only,attention,256,investigation,0.5,3,0.3782259084068494,0.010606589181012425,0.2526698477618723,0.007508616969715192,0.302951439199516,0.008732906003764116,370.6666666666667,609.3333333333334,1096.3333333333333
visual_only,attention,256,mount,0.1,3,0.7037118685057481,0.08228646055800495,0.7628205128205128,0.041450375501210196,0.7285329286733276,0.03060504908929317,158.66666666666666,70.0,49.333333333333336
visual_only,attention,256,mount,0.25,3,0.6664117178479008,0.06265939523099351,0.7243589743589743,0.05634101227963767,0.6907674288946866,0.01170206488792575,150.66666666666666,78.0,57.333333333333336
visual_only,attention,256,mount,0.5,3,0.5965843758118085,0.06521009596650484,0.6474358974358975,0.04335817070022012,0.617954697649466,0.02387422301517718,134.66666666666666,94.0,73.33333333333333
visual_only,attention,512,attack,0.1,3,0.7176637625489432,0.12026694835345474,0.6114232209737828,0.015972586244599234,0.6576751217775287,0.06048627429741892,217.66666666666666,91.33333333333333,138.33333333333334
visual_only,attention,512,attack,0.25,3,0.617269201506801,0.12083397603220289,0.5243445692883896,0.030941407569023062,0.5648260857827472,0.06965112817711538,186.66666666666666,122.33333333333333,169.33333333333334
visual_only,attention,512,attack,0.5,3,0.334060847297222,0.07504868820585003,0.28370786516853935,0.03405717880051166,0.30566109547241505,0.050299703563155274,101.0,208.0,255.0
visual_only,attention,512,investigation,0.1,3,0.7241550809042662,0.02229011365996608,0.48443535560099976,0.0247410272007566,0.5801894132768478,0.018939707671863325,710.6666666666666,271.3333333333333,756.3333333333334
visual_only,attention,512,investigation,0.25,3,0.6198991513743178,0.03181940056803779,0.4142240399909112,0.011911240556311025,0.49632212294413697,0.01262194308157698,607.6666666666666,374.3333333333333,859.3333333333334
visual_only,attention,512,investigation,0.5,3,0.37820396316100546,0.02871729096858002,0.2524426266757555,0.005877081188992312,0.30260831926360815,0.01251165506689714,370.3333333333333,611.6666666666666,1096.6666666666667
visual_only,attention,512,mount,0.1,3,0.7244143739250505,0.053356613045179996,0.7131410256410255,0.036084391824351615,0.7169597299514455,0.012183211124127239,148.33333333333334,57.666666666666664,59.666666666666664
visual_only,attention,512,mount,0.25,3,0.6899960940841828,0.047326221995798334,0.6794871794871794,0.03640325862692484,0.6830125714550858,0.006709539097563208,141.33333333333334,64.66666666666667,66.66666666666667
visual_only,attention,512,mount,0.5,3,0.6061781213744952,0.03152556431397169,0.5977564102564102,0.042004302634875514,0.600447968399649,0.005799221752977707,124.33333333333333,81.66666666666667,83.66666666666667
visual_only,attention,896,attack,0.1,3,0.7214972011722914,0.06363170450204965,0.6114232209737828,0.008581602425010958,0.6609945962008544,0.027071381129380755,217.66666666666666,85.66666666666667,138.33333333333334
visual_only,attention,896,attack,0.25,3,0.6099741980247395,0.05497620925990911,0.5168539325842697,0.007431885705237622,0.5587886967008259,0.02401469369789238,184.0,119.33333333333333,172.0
visual_only,attention,896,attack,0.5,3,0.337636408972149,0.04279913585252589,0.2855805243445693,0.01693178026219584,0.3090161160108358,0.026770797532603717,101.66666666666667,201.66666666666666,254.33333333333334
visual_only,attention,896,investigation,0.1,3,0.7275127506708362,0.010228894848133455,0.48784367189275163,0.021494922592651265,0.5838989549338279,0.017129171615323412,715.6666666666666,268.0,751.3333333333334
visual_only,attention,896,investigation,0.25,3,0.6235752468733473,0.015442089813027474,0.4178595773687798,0.006918126492905409,0.5002728818140787,0.0025427686494348184,613.0,370.6666666666667,854.0
visual_only,attention,896,investigation,0.5,3,0.37368634348375945,0.0117349246753482,0.2503976369007044,0.00579747821957423,0.29978890273067343,0.005611533617139886,367.3333333333333,616.3333333333334,1099.6666666666667
visual_only,attention,896,mount,0.1,3,0.6665639793393097,0.06283939146476851,0.7836538461538461,0.030024028838453835,0.7183085919928024,0.026921942402681042,163.0,83.66666666666667,45.0
visual_only,attention,896,mount,0.25,3,0.6407381165090417,0.04747630949874048,0.7548076923076924,0.047350277893250546,0.6910884638652335,0.014888233190782908,157.0,89.66666666666667,51.0
visual_only,attention,896,mount,0.5,3,0.5663360134725773,0.045389904952805246,0.6666666666666666,0.03477970258687615,0.6106411032000868,0.01361830860354586,138.66666666666666,108.0,69.33333333333333
visual_only,lstm,256,attack,0.1,3,0.5874332223726831,0.03396283939482129,0.5955056179775281,0.019461245028863837,0.591296053899932,0.025210177152940008,212.0,149.33333333333334,144.0
visual_only,lstm,256,attack,0.25,3,0.5062480322060995,0.04242680634486032,0.5131086142322098,0.03327594689872071,0.5095278682536301,0.036774886014239644,182.66666666666666,178.66666666666666,173.33333333333334
visual_only,lstm,256,attack,0.5,3,0.29112761425771333,0.030666598297249496,0.2949438202247191,0.02448819631202627,0.29294925347556927,0.027131337309402034,105.0,256.3333333333333,251.0
visual_only,lstm,256,investigation,0.1,3,0.7183724006678202,0.0170140698871243,0.4957964099068393,0.016049273698168897,0.5863986782506108,0.0065574475339644014,727.3333333333334,286.0,739.6666666666666
visual_only,lstm,256,investigation,0.25,3,0.6186644501106673,0.02448068960215953,0.42672119972733474,0.006502653043060267,0.5048262756850702,0.0036921768026358308,626.0,387.3333333333333,841.0
visual_only,lstm,256,investigation,0.5,3,0.37952936110424534,0.01644124643281349,0.261758691206544,0.004771642808452619,0.3096805844696234,0.005000837667516594,384.0,629.3333333333334,1083.0
visual_only,lstm,256,mount,0.1,3,0.6901880314025242,0.015668391015504806,0.7852564102564102,0.014687742612037957,0.7346542661594455,0.015181989482413378,163.33333333333334,73.33333333333333,44.666666666666664
visual_only,lstm,256,mount,0.25,3,0.6747224718058513,0.02064317457592518,0.7676282051282052,0.019430057136189335,0.7181781334507704,0.020145920323466765,159.66666666666666,77.0,48.333333333333336
visual_only,lstm,256,mount,0.5,3,0.5901594393031474,0.014232919473706295,0.671474358974359,0.015454568527232322,0.6281920347543585,0.014684744659677685,139.66666666666666,97.0,68.33333333333333
visual_only,lstm,512,attack,0.1,3,0.669912854030501,0.08542486993946805,0.5898876404494382,0.02299256396593383,0.6264651796654855,0.05045534819872277,210.0,106.0,146.0
visual_only,lstm,512,attack,0.25,3,0.5798814746598792,0.08031655383626068,0.5102996254681648,0.02609992484038644,0.5420986460358381,0.04985034596996649,181.66666666666666,134.33333333333334,174.33333333333334
visual_only,lstm,512,attack,0.5,3,0.3335965619124362,0.05927481418870218,0.29307116104868913,0.02841571330616764,0.31157958118257173,0.04163095491704328,104.33333333333333,211.66666666666666,251.66666666666666
visual_only,lstm,512,investigation,0.1,3,0.7331375804293551,0.007966061593475548,0.49897750511247446,0.02253616258325366,0.5935614062147189,0.0149472886656111,732.0,266.6666666666667,735.0
visual_only,lstm,512,investigation,0.25,3,0.6296641826913776,0.016522409839390056,0.42831174733015226,0.012903677222904508,0.5096161796555695,0.006932130544005168,628.3333333333334,370.3333333333333,838.6666666666666
visual_only,lstm,512,investigation,0.5,3,0.3934838391302857,0.012294124415057103,0.26766643944558055,0.009696245532084449,0.31847082235007634,0.007321246412636376,392.6666666666667,606.0,1074.3333333333333
visual_only,lstm,512,mount,0.1,3,0.7234006533581914,0.03397127954013509,0.7483974358974358,0.02001601922563584,0.7350331805346272,0.007910162387497952,155.66666666666666,60.0,52.333333333333336
visual_only,lstm,512,mount,0.25,3,0.6922833638179485,0.031017931435291874,0.7163461538461539,0.024038461538461536,0.7034841128304089,0.010453094961866943,149.0,66.66666666666667,59.0
visual_only,lstm,512,mount,0.5,3,0.5947946600948705,0.02725834358086427,0.6153846153846154,0.017334381132038463,0.604377320999812,0.006143960971243251,128.0,87.66666666666667,80.0
visual_only,lstm,896,attack,0.1,3,0.5613915918024207,0.016873011752036086,0.5833333333333334,0.015470703784511451,0.5721045245125228,0.014868579929713835,207.66666666666666,162.33333333333334,148.33333333333334
visual_only,lstm,896,attack,0.25,3,0.47741868590826647,0.033495225131881266,0.49625468164794007,0.03813747538280207,0.48661349160244627,0.03532317344740245,176.66666666666666,193.33333333333334,179.33333333333334
visual_only,lstm,896,attack,0.5,3,0.26389436345250594,0.02101599596771814,0.2743445692883895,0.02421819692205538,0.26899535359923404,0.022373741587121236,97.66666666666667,272.3333333333333,258.3333333333333
visual_only,lstm,896,investigation,0.1,3,0.7156002931081029,0.012338701063791415,0.49829584185412407,0.013409894732723946,0.5873249509320857,0.006046065103771224,731.0,291.0,736.0
visual_only,lstm,896,investigation,0.25,3,0.6076824757238412,0.014666128566233581,0.42308566234946604,0.00997963701704057,0.49870851114740455,0.005719432015992922,620.6666666666666,401.3333333333333,846.3333333333334
visual_only,lstm,896,investigation,0.5,3,0.3737890845737608,0.011889649484934109,0.2601681436037264,0.0030737898792248717,0.3067071537481169,0.0025154914572821786,381.6666666666667,640.3333333333334,1085.3333333333333
visual_only,lstm,896,mount,0.1,3,0.7200768911441973,0.031186907116720772,0.7692307692307692,0.02924405062643371,0.74310856825687,0.01072468240017697,160.0,62.666666666666664,48.0
visual_only,lstm,896,mount,0.25,3,0.7050198469320627,0.02826421945785503,0.7532051282051282,0.028170506139818825,0.7275951093941412,0.0037509983751508754,156.66666666666666,66.0,51.333333333333336
visual_only,lstm,896,mount,0.5,3,0.614966055568494,0.025936586989702637,0.657051282051282,0.02817050613981884,0.6346876414525365,0.012188388351092544,136.66666666666666,86.0,71.33333333333333
